session_id,tracker_id,timestamp_ms,frame_id,x_px,y_px,x_norm,y_norm,confidence,validity,stim_id,event,task_name,target_x_px,target_y_px
d5969628-6059-4c04-b633-d9f23ca9ce1a,openseeface,1765222196165,0,1133.3845520019531,720.0,0.8854566812515259,1.0,0.7031818628311157,0,calib_01,stream,calibration,853.5,533.5
d5969628-6059-4c04-b633-d9f23ca9ce1a,openseeface,1765222196177,1,1148.1178588867188,720.0,0.8969670772552489,1.0,0.8904792070388794,0,calib_01,stream,calibration,853.5,533.5
d5969628-6059-4c04-b633-d9f23ca9ce1a,openseeface,1765222196219,2,1152.2586975097656,720.0,0.9002021074295044,1.0,0.8544776439666748,0,calib_01,stream,calibration,853.5,533.5
d5969628-6059-4c04-b633-d9f23ca9ce1a,openseeface,1765222196262,3,1154.8071594238281,720.0,0.9021930932998656,1.0,0.8861718773841858,0,calib_01,stream,calibration,853.5,533.5
d5969628-6059-4c04-b633-d9f23ca9ce1a,openseeface,1765222196304,4,1160.4832763671875,720.0,0.9066275596618651,1.0,0.8626335263252258,0,calib_01,stream,calibration,853.5,533.5
d5969628-6059-4c04-b633-d9f23ca9ce1a,openseeface,1765222196347,5,1163.3905334472656,720.0,0.9088988542556762,1.0,0.894012987613678,0,calib_01,stream,calibration,853.5,533.5
d5969628-6059-4c04-b633-d9f23ca9ce1a,openseeface,1765222196388,6,1167.0148010253906,720.0,0.9117303133010863,1.0,0.8744279146194458,0,calib_01,stream,calibration,853.5,533.5
d5969628-6059-4c04-b633-d9f23ca9ce1a,openseeface,1765222196430,7,1166.8611755371094,720.0,0.9116102933883667,1.0,0.8886187076568604,0,calib_01,stream,calibration,853.5,533.5
d5969628-6059-4c04-b633-d9f23ca9ce1a,openseeface,1765222196474,8,1169.5247192382812,720.0,0.9136911869049071,1.0,0.8699306845664978,0,calib_01,stream,calibration,853.5,533.5
d5969628-6059-4c04-b633-d9f23ca9ce1a,openseeface,1765222196514,9,1169.4844055175781,720.0,0.9136596918106079,1.0,0.8889093995094299,0,calib_01,stream,calibration,853.5,533.5
d5969628-6059-4c04-b633-d9f23ca9ce1a,openseeface,1765222196555,10,1168.3981628417969,720.0,0.9128110647201537,1.0,0.8863656520843506,0,calib_01,stream,calibration,853.5,533.5
d5969628-6059-4c04-b633-d9f23ca9ce1a,openseeface,1765222196598,11,1169.930419921875,720.0,0.9140081405639648,1.0,0.8968791961669922,0,calib_01,stream,calibration,853.5,533.5
d5969628-6059-4c04-b633-d9f23ca9ce1a,openseeface,1765222196640,12,1168.01416015625,720.0,0.9125110626220703,1.0,0.9100821018218994,0,calib_01,stream,calibration,853.5,533.5
d5969628-6059-4c04-b633-d9f23ca9ce1a,openseeface,1765222196683,13,1168.8081359863281,720.0,0.9131313562393188,1.0,0.9004755020141602,0,calib_01,stream,calibration,,
d5969628-6059-4c04-b633-d9f23ca9ce1a,openseeface,1765222196723,14,1169.4551696777344,720.0,0.91363685131073,1.0,0.8913349509239197,0,calib_01,stream,calibration,,
d5969628-6059-4c04-b633-d9f23ca9ce1a,openseeface,1765222196766,15,1167.4034729003906,720.0,0.9120339632034302,1.0,0.896770715713501,0,calib_01,stream,calibration,,
d5969628-6059-4c04-b633-d9f23ca9ce1a,openseeface,1765222196809,16,1166.4640808105469,720.0,0.9113000631332397,1.0,0.9102470874786377,0,calib_01,stream,calibration,,
d5969628-6059-4c04-b633-d9f23ca9ce1a,openseeface,1765222196849,17,1166.1357727050781,720.0,0.9110435724258423,1.0,0.898108184337616,0,calib_01,stream,calibration,,
d5969628-6059-4c04-b633-d9f23ca9ce1a,openseeface,1765222196891,18,1166.3468627929688,720.0,0.9112084865570069,1.0,0.9125031232833862,0,calib_01,stream,calibration,,
d5969628-6059-4c04-b633-d9f23ca9ce1a,openseeface,1765222196934,19,1165.204345703125,720.0,0.9103158950805663,1.0,0.9036736488342285,0,calib_01,stream,calibration,,
d5969628-6059-4c04-b633-d9f23ca9ce1a,openseeface,1765222196974,20,1165.8948364257812,720.0,0.9108553409576416,1.0,0.9141337871551514,0,calib_01,stream,calibration,,
d5969628-6059-4c04-b633-d9f23ca9ce1a,openseeface,1765222197017,21,1164.0718383789062,720.0,0.9094311237335204,1.0,0.9267232418060303,0,calib_01_retry,stream,calibration,853.5,533.5
d5969628-6059-4c04-b633-d9f23ca9ce1a,openseeface,1765222197059,22,1164.2016906738281,720.0,0.9095325708389281,1.0,0.9167025089263916,0,calib_01_retry,stream,calibration,853.5,533.5
d5969628-6059-4c04-b633-d9f23ca9ce1a,openseeface,1765222197101,23,1164.798828125,720.0,0.9099990844726562,1.0,0.918300986289978,0,calib_01_retry,stream,calibration,853.5,533.5
d5969628-6059-4c04-b633-d9f23ca9ce1a,openseeface,1765222197143,24,1163.7870178222656,720.0,0.909208607673645,1.0,0.9176894426345825,0,calib_01_retry,stream,calibration,853.5,533.5
d5969628-6059-4c04-b633-d9f23ca9ce1a,openseeface,1765222197185,25,1163.4161071777344,720.0,0.9089188337326051,1.0,0.9235743284225464,0,calib_01_retry,stream,calibration,853.5,533.5
d5969628-6059-4c04-b633-d9f23ca9ce1a,openseeface,1765222197227,26,1163.2658386230469,720.0,0.9088014364242554,1.0,0.9250432252883911,0,calib_01_retry,stream,calibration,853.5,533.5
d5969628-6059-4c04-b633-d9f23ca9ce1a,openseeface,1765222197269,27,1163.0190124511719,720.0,0.9086086034774781,1.0,0.936592698097229,0,calib_01_retry,stream,calibration,853.5,533.5
d5969628-6059-4c04-b633-d9f23ca9ce1a,openseeface,1765222197311,28,1160.679931640625,720.0,0.9067811965942383,1.0,0.9270405769348145,0,calib_01_retry,stream,calibration,853.5,533.5
d5969628-6059-4c04-b633-d9f23ca9ce1a,openseeface,1765222197353,29,1161.0397644042969,720.0,0.9070623159408568,1.0,0.9152742624282837,0,calib_01_retry,stream,calibration,853.5,533.5
d5969628-6059-4c04-b633-d9f23ca9ce1a,openseeface,1765222197393,30,1161.0365600585938,720.0,0.9070598125457763,1.0,0.9169719219207764,0,calib_01_retry,stream,calibration,853.5,533.5
d5969628-6059-4c04-b633-d9f23ca9ce1a,openseeface,1765222197436,31,1160.6565246582031,720.0,0.9067629098892211,1.0,0.9308288097381592,0,calib_01_retry,stream,calibration,853.5,533.5
d5969628-6059-4c04-b633-d9f23ca9ce1a,openseeface,1765222197479,32,1161.0247192382812,720.0,0.9070505619049072,1.0,0.9298352003097534,0,calib_01_retry,stream,calibration,853.5,533.5
d5969628-6059-4c04-b633-d9f23ca9ce1a,openseeface,1765222197521,33,1160.0404968261719,720.0,0.9062816381454468,1.0,0.9427917003631592,0,calib_01_retry,stream,calibration,853.5,533.5
d5969628-6059-4c04-b633-d9f23ca9ce1a,openseeface,1765222197563,34,1160.6299743652344,720.0,0.9067421674728393,1.0,0.9454923868179321,0,calib_01_retry,stream,calibration,853.5,533.5
d5969628-6059-4c04-b633-d9f23ca9ce1a,openseeface,1765222197604,35,1159.9721069335938,720.0,0.90622820854187,1.0,0.9531388282775879,0,calib_01_retry,stream,calibration,853.5,533.5
d5969628-6059-4c04-b633-d9f23ca9ce1a,openseeface,1765222197646,36,1154.3423461914062,720.0,0.9018299579620361,1.0,0.9387214183807373,0,calib_01_retry,stream,calibration,853.5,533.5
d5969628-6059-4c04-b633-d9f23ca9ce1a,openseeface,1765222197689,37,1153.6268310546875,720.0,0.9012709617614747,1.0,0.9349027872085571,0,calib_01_retry,stream,calibration,853.5,533.5
d5969628-6059-4c04-b633-d9f23ca9ce1a,openseeface,1765222197730,38,1151.3689575195312,720.0,0.8995069980621337,1.0,0.9371614456176758,0,calib_01_retry,stream,calibration,853.5,533.5
d5969628-6059-4c04-b633-d9f23ca9ce1a,openseeface,1765222197773,39,1147.8211364746094,720.0,0.8967352628707885,1.0,0.9187231063842773,0,calib_01_retry,stream,calibration,853.5,533.5
d5969628-6059-4c04-b633-d9f23ca9ce1a,openseeface,1765222197815,40,1145.0536499023438,720.0,0.894573163986206,1.0,0.9118129014968872,0,calib_01_retry,stream,calibration,853.5,533.5
d5969628-6059-4c04-b633-d9f23ca9ce1a,openseeface,1765222197857,41,1136.6842956542969,720.0,0.8880346059799193,1.0,0.9222143888473511,0,calib_01_retry,stream,calibration,853.5,533.5
d5969628-6059-4c04-b633-d9f23ca9ce1a,openseeface,1765222197899,42,1135.3067016601562,720.0,0.8869583606719971,1.0,0.9128985404968262,0,calib_01_retry,stream,calibration,853.5,533.5
d5969628-6059-4c04-b633-d9f23ca9ce1a,openseeface,1765222197940,43,1129.9110412597656,720.0,0.8827430009841919,1.0,0.902795672416687,0,calib_01_retry,stream,calibration,853.5,533.5
d5969628-6059-4c04-b633-d9f23ca9ce1a,openseeface,1765222197983,44,1121.2344970703125,720.0,0.8759644508361817,1.0,0.919272780418396,0,calib_01_retry,stream,calibration,853.5,533.5
d5969628-6059-4c04-b633-d9f23ca9ce1a,openseeface,1765222198026,45,1120.1346740722656,720.0,0.8751052141189575,1.0,0.9178823232650757,0,calib_01_retry,stream,calibration,853.5,533.5
d5969628-6059-4c04-b633-d9f23ca9ce1a,openseeface,1765222198066,46,1117.7578125,720.0,0.873248291015625,1.0,0.9288729429244995,0,calib_01_retry,stream,calibration,853.5,533.5
d5969628-6059-4c04-b633-d9f23ca9ce1a,openseeface,1765222198108,47,1112.392333984375,720.0,0.869056510925293,1.0,0.9395551681518555,0,calib_01_retry,stream,calibration,853.5,533.5
d5969628-6059-4c04-b633-d9f23ca9ce1a,openseeface,1765222198150,48,1105.2513732910156,720.0,0.863477635383606,1.0,0.9198083877563477,0,calib_01_retry,stream,calibration,853.5,533.5
d5969628-6059-4c04-b633-d9f23ca9ce1a,openseeface,1765222198192,49,1091.7846374511719,720.0,0.8529567480087281,1.0,0.9394519329071045,0,calib_01_retry,stream,calibration,853.5,533.5
d5969628-6059-4c04-b633-d9f23ca9ce1a,openseeface,1765222198234,50,1083.14306640625,720.0,0.8462055206298829,1.0,0.9115320444107056,0,calib_01_retry,stream,calibration,853.5,533.5
d5969628-6059-4c04-b633-d9f23ca9ce1a,openseeface,1765222198277,51,1077.3252868652344,720.0,0.8416603803634644,1.0,0.9096221923828125,0,calib_01_retry,stream,calibration,853.5,533.5
d5969628-6059-4c04-b633-d9f23ca9ce1a,openseeface,1765222198318,52,1075.5935363769531,720.0,0.8403074502944947,1.0,0.9226018190383911,0,calib_01_retry,stream,calibration,853.5,533.5
d5969628-6059-4c04-b633-d9f23ca9ce1a,openseeface,1765222198360,53,1071.6431579589844,720.0,0.8372212171554565,1.0,0.9155821800231934,0,calib_01_retry,stream,calibration,853.5,533.5
d5969628-6059-4c04-b633-d9f23ca9ce1a,openseeface,1765222198402,54,1066.9906921386719,720.0,0.8335864782333373,1.0,0.9214380979537964,0,calib_01_retry,stream,calibration,853.5,533.5
d5969628-6059-4c04-b633-d9f23ca9ce1a,openseeface,1765222198445,55,1064.0133666992188,720.0,0.8312604427337646,1.0,0.9082117080688477,0,calib_01_retry,stream,calibration,853.5,533.5
d5969628-6059-4c04-b633-d9f23ca9ce1a,openseeface,1765222198486,56,1059.7843627929688,720.0,0.8279565334320069,1.0,0.9098658561706543,0,calib_01_retry,stream,calibration,,
d5969628-6059-4c04-b633-d9f23ca9ce1a,openseeface,1765222198528,57,1057.3309020996094,720.0,0.8260397672653199,1.0,0.9190900325775146,0,calib_01_retry,stream,calibration,,
d5969628-6059-4c04-b633-d9f23ca9ce1a,openseeface,1765222198571,58,1058.5970153808594,720.0,0.8270289182662964,1.0,0.9132051467895508,0,calib_01_retry,stream,calibration,,
d5969628-6059-4c04-b633-d9f23ca9ce1a,openseeface,1765222198613,59,1060.6749267578125,720.0,0.8286522865295409,1.0,0.919879674911499,0,calib_01_retry,stream,calibration,,
d5969628-6059-4c04-b633-d9f23ca9ce1a,openseeface,1765222198660,60,1062.4055786132812,720.0,0.8300043582916259,1.0,0.9247564077377319,0,calib_01_retry,stream,calibration,,
d5969628-6059-4c04-b633-d9f23ca9ce1a,openseeface,1765222198701,61,1065.7114562988281,720.0,0.8325870752334594,1.0,0.926912784576416,0,calib_01_retry,stream,calibration,,
d5969628-6059-4c04-b633-d9f23ca9ce1a,openseeface,1765222198741,62,1068.802978515625,720.0,0.8350023269653319,1.0,0.924880862236023,0,calib_01_retry,stream,calibration,,
d5969628-6059-4c04-b633-d9f23ca9ce1a,openseeface,1765222198783,63,1070.3478393554688,720.0,0.8362092494964599,1.0,0.9225128889083862,0,calib_01_retry,stream,calibration,,
d5969628-6059-4c04-b633-d9f23ca9ce1a,openseeface,1765222198826,64,1073.7437438964844,720.0,0.8388622999191284,1.0,0.9253150224685669,0,calib_02,stream,calibration,170.70000000000002,106.7
d5969628-6059-4c04-b633-d9f23ca9ce1a,openseeface,1765222198868,65,1080.8385314941406,720.0,0.8444051027297974,1.0,0.9311285018920898,0,calib_02,stream,calibration,170.70000000000002,106.7
d5969628-6059-4c04-b633-d9f23ca9ce1a,openseeface,1765222198910,66,1083.5308532714844,720.0,0.8465084791183473,1.0,0.9280977249145508,0,calib_02,stream,calibration,170.70000000000002,106.7
d5969628-6059-4c04-b633-d9f23ca9ce1a,openseeface,1765222198952,67,1086.6936950683594,720.0,0.8489794492721559,1.0,0.9345380067825317,0,calib_02,stream,calibration,170.70000000000002,106.7
d5969628-6059-4c04-b633-d9f23ca9ce1a,openseeface,1765222198994,68,1090.6005249023438,720.0,0.852031660079956,1.0,0.92942214012146,0,calib_02,stream,calibration,170.70000000000002,106.7
d5969628-6059-4c04-b633-d9f23ca9ce1a,openseeface,1765222199036,69,1114.4024353027344,720.0,0.8706269025802613,1.0,0.9338808059692383,0,calib_02,stream,calibration,170.70000000000002,106.7
d5969628-6059-4c04-b633-d9f23ca9ce1a,openseeface,1765222199077,70,1105.8980712890625,720.0,0.86398286819458,1.0,0.9311792850494385,0,calib_02,stream,calibration,170.70000000000002,106.7
d5969628-6059-4c04-b633-d9f23ca9ce1a,openseeface,1765222199121,71,1108.4983215332031,720.0,0.8660143136978149,1.0,0.9431036710739136,0,calib_02,stream,calibration,170.70000000000002,106.7
d5969628-6059-4c04-b633-d9f23ca9ce1a,openseeface,1765222199162,72,1118.8382873535156,720.0,0.874092411994934,1.0,0.9147576093673706,0,calib_02,stream,calibration,170.70000000000002,106.7
d5969628-6059-4c04-b633-d9f23ca9ce1a,openseeface,1765222199204,73,1121.3494873046875,720.0,0.8760542869567871,1.0,0.9238471984863281,0,calib_02,stream,calibration,170.70000000000002,106.7
d5969628-6059-4c04-b633-d9f23ca9ce1a,openseeface,1765222199246,74,1124.1229553222656,720.0,0.8782210588455199,1.0,0.9131009578704834,0,calib_02,stream,calibration,170.70000000000002,106.7
d5969628-6059-4c04-b633-d9f23ca9ce1a,openseeface,1765222199288,75,1127.9583740234375,720.0,0.8812174797058105,1.0,0.9153820276260376,0,calib_02,stream,calibration,170.70000000000002,106.7
d5969628-6059-4c04-b633-d9f23ca9ce1a,openseeface,1765222199329,76,1134.2582702636719,720.0,0.8861392736434937,1.0,0.9159162044525146,0,calib_02,stream,calibration,170.70000000000002,106.7
d5969628-6059-4c04-b633-d9f23ca9ce1a,openseeface,1765222199371,77,1135.4180603027344,720.0,0.8870453596115113,1.0,0.9184969663619995,0,calib_02,stream,calibration,170.70000000000002,106.7
d5969628-6059-4c04-b633-d9f23ca9ce1a,openseeface,1765222199414,78,1139.330322265625,720.0,0.8901018142700194,1.0,0.9178388118743896,0,calib_02,stream,calibration,170.70000000000002,106.7
d5969628-6059-4c04-b633-d9f23ca9ce1a,openseeface,1765222199456,79,1141.9437561035156,720.0,0.8921435594558715,1.0,0.916504979133606,0,calib_02,stream,calibration,170.70000000000002,106.7
d5969628-6059-4c04-b633-d9f23ca9ce1a,openseeface,1765222199497,80,1142.1642150878906,720.0,0.8923157930374146,1.0,0.9317117929458618,0,calib_02,stream,calibration,170.70000000000002,106.7
d5969628-6059-4c04-b633-d9f23ca9ce1a,openseeface,1765222199539,81,1144.3621215820312,720.0,0.8940329074859619,1.0,0.9299966096878052,0,calib_02,stream,calibration,170.70000000000002,106.7
d5969628-6059-4c04-b633-d9f23ca9ce1a,openseeface,1765222199581,82,1144.1027221679688,720.0,0.8938302516937255,1.0,0.9369831085205078,0,calib_02,stream,calibration,170.70000000000002,106.7
d5969628-6059-4c04-b633-d9f23ca9ce1a,openseeface,1765222199623,83,1143.98828125,720.0,0.8937408447265625,1.0,0.933180570602417,0,calib_02,stream,calibration,170.70000000000002,106.7
d5969628-6059-4c04-b633-d9f23ca9ce1a,openseeface,1765222199666,84,1143.9094543457031,720.0,0.8936792612075806,1.0,0.9350080490112305,0,calib_02,stream,calibration,170.70000000000002,106.7
d5969628-6059-4c04-b633-d9f23ca9ce1a,openseeface,1765222199708,85,1143.6282653808594,720.0,0.8934595823287963,1.0,0.9448137283325195,0,calib_02,stream,calibration,170.70000000000002,106.7
d5969628-6059-4c04-b633-d9f23ca9ce1a,openseeface,1765222199749,86,1143.9071350097656,720.0,0.8936774492263795,1.0,0.9358091354370117,0,calib_02,stream,calibration,170.70000000000002,106.7
d5969628-6059-4c04-b633-d9f23ca9ce1a,openseeface,1765222199793,87,1144.033447265625,720.0,0.8937761306762695,1.0,0.9188134670257568,0,calib_02,stream,calibration,170.70000000000002,106.7
d5969628-6059-4c04-b633-d9f23ca9ce1a,openseeface,1765222199834,88,1143.2697448730469,720.0,0.8931794881820678,1.0,0.9189257621765137,0,calib_02,stream,calibration,170.70000000000002,106.7
d5969628-6059-4c04-b633-d9f23ca9ce1a,openseeface,1765222199876,89,1141.3409423828125,720.0,0.8916726112365723,1.0,0.9244564771652222,0,calib_02,stream,calibration,170.70000000000002,106.7
d5969628-6059-4c04-b633-d9f23ca9ce1a,openseeface,1765222199917,90,1140.5982666015625,720.0,0.8910923957824708,1.0,0.9461150169372559,0,calib_02,stream,calibration,170.70000000000002,106.7
d5969628-6059-4c04-b633-d9f23ca9ce1a,openseeface,1765222199960,91,1140.2137145996094,720.0,0.8907919645309448,1.0,0.9452911615371704,0,calib_02,stream,calibration,170.70000000000002,106.7
d5969628-6059-4c04-b633-d9f23ca9ce1a,openseeface,1765222200001,92,1139.7008666992188,720.0,0.8903913021087646,1.0,0.9464223384857178,0,calib_02,stream,calibration,170.70000000000002,106.7
d5969628-6059-4c04-b633-d9f23ca9ce1a,openseeface,1765222200043,93,1140.3384094238281,720.0,0.8908893823623658,1.0,0.9436655044555664,0,calib_02,stream,calibration,170.70000000000002,106.7
d5969628-6059-4c04-b633-d9f23ca9ce1a,openseeface,1765222200086,94,1140.1431884765625,720.0,0.8907368659973145,1.0,0.9376153945922852,0,calib_02,stream,calibration,170.70000000000002,106.7
d5969628-6059-4c04-b633-d9f23ca9ce1a,openseeface,1765222200127,95,1140.312744140625,720.0,0.8908693313598632,1.0,0.9444056749343872,0,calib_02,stream,calibration,170.70000000000002,106.7
d5969628-6059-4c04-b633-d9f23ca9ce1a,openseeface,1765222200170,96,1140.3826599121094,720.0,0.8909239530563355,1.0,0.936854362487793,0,calib_02,stream,calibration,170.70000000000002,106.7
d5969628-6059-4c04-b633-d9f23ca9ce1a,openseeface,1765222200211,97,1139.7212219238281,720.0,0.8904072046279907,1.0,0.9360123872756958,0,calib_02,stream,calibration,170.70000000000002,106.7
d5969628-6059-4c04-b633-d9f23ca9ce1a,openseeface,1765222200254,98,1139.8096313476562,720.0,0.8904762744903565,1.0,0.9412136077880859,0,calib_02,stream,calibration,170.70000000000002,106.7
d5969628-6059-4c04-b633-d9f23ca9ce1a,openseeface,1765222200295,99,1140.3155517578125,720.0,0.890871524810791,1.0,0.9340769052505493,0,calib_02,stream,calibration,,
d5969628-6059-4c04-b633-d9f23ca9ce1a,openseeface,1765222200338,100,1139.5354919433594,720.0,0.8902621030807496,1.0,0.9238218069076538,0,calib_02,stream,calibration,,
d5969628-6059-4c04-b633-d9f23ca9ce1a,openseeface,1765222200380,101,1137.2109680175781,720.0,0.888446068763733,1.0,0.9423116445541382,0,calib_02,stream,calibration,,
d5969628-6059-4c04-b633-d9f23ca9ce1a,openseeface,1765222200423,102,1137.1346740722656,720.0,0.8883864641189576,1.0,0.9340379238128662,0,calib_02,stream,calibration,,
d5969628-6059-4c04-b633-d9f23ca9ce1a,openseeface,1765222200464,103,1136.3989562988281,720.0,0.8878116846084594,1.0,0.9379591941833496,0,calib_02,stream,calibration,,
d5969628-6059-4c04-b633-d9f23ca9ce1a,openseeface,1765222200506,104,1135.9746398925781,720.0,0.8874801874160767,1.0,0.9443807601928711,0,calib_02,stream,calibration,,
d5969628-6059-4c04-b633-d9f23ca9ce1a,openseeface,1765222200547,105,1135.9746398925781,720.0,0.8874801874160767,1.0,0.9403873682022095,0,calib_02,stream,calibration,,
d5969628-6059-4c04-b633-d9f23ca9ce1a,openseeface,1765222200590,106,1133.1700439453125,720.0,0.8852890968322753,1.0,0.9507972002029419,0,calib_02,stream,calibration,,
d5969628-6059-4c04-b633-d9f23ca9ce1a,openseeface,1765222200633,107,1132.1576232910156,720.0,0.8844981431961059,1.0,0.9427826404571533,0,calib_02_retry,stream,calibration,170.70000000000002,106.7
d5969628-6059-4c04-b633-d9f23ca9ce1a,openseeface,1765222200675,108,1131.2701721191406,720.0,0.8838048219680785,1.0,0.9387644529342651,0,calib_02_retry,stream,calibration,170.70000000000002,106.7
d5969628-6059-4c04-b633-d9f23ca9ce1a,openseeface,1765222200716,109,1131.0400390625,720.0,0.8836250305175781,1.0,0.9323532581329346,0,calib_02_retry,stream,calibration,170.70000000000002,106.7
d5969628-6059-4c04-b633-d9f23ca9ce1a,openseeface,1765222200757,110,1129.0602111816406,720.0,0.8820782899856567,1.0,0.9280153512954712,0,calib_02_retry,stream,calibration,170.70000000000002,106.7
d5969628-6059-4c04-b633-d9f23ca9ce1a,openseeface,1765222200799,111,1128.2262878417969,720.0,0.8814267873764039,1.0,0.9329650402069092,0,calib_02_retry,stream,calibration,170.70000000000002,106.7
d5969628-6059-4c04-b633-d9f23ca9ce1a,openseeface,1765222200842,112,1126.8534851074219,720.0,0.8803542852401733,1.0,0.924312949180603,0,calib_02_retry,stream,calibration,170.70000000000002,106.7
d5969628-6059-4c04-b633-d9f23ca9ce1a,openseeface,1765222200885,113,1123.1656188964844,720.0,0.8774731397628783,1.0,0.9168158769607544,0,calib_02_retry,stream,calibration,170.70000000000002,106.7
d5969628-6059-4c04-b633-d9f23ca9ce1a,openseeface,1765222200926,114,1115.2058715820312,720.0,0.8712545871734618,1.0,0.914318323135376,0,calib_02_retry,stream,calibration,170.70000000000002,106.7
d5969628-6059-4c04-b633-d9f23ca9ce1a,openseeface,1765222200968,115,1113.1376647949219,720.0,0.8696388006210327,1.0,0.9077229499816895,0,calib_02_retry,stream,calibration,170.70000000000002,106.7
d5969628-6059-4c04-b633-d9f23ca9ce1a,openseeface,1765222201010,116,1108.0083618164062,720.0,0.8656315326690673,1.0,0.9216651916503906,0,calib_02_retry,stream,calibration,170.70000000000002,106.7
d5969628-6059-4c04-b633-d9f23ca9ce1a,openseeface,1765222201052,117,1099.0398254394531,720.0,0.8586248636245728,1.0,0.9150410890579224,0,calib_02_retry,stream,calibration,170.70000000000002,106.7
d5969628-6059-4c04-b633-d9f23ca9ce1a,openseeface,1765222201094,118,1097.5847473144531,720.0,0.8574880838394165,1.0,0.9198627471923828,0,calib_02_retry,stream,calibration,170.70000000000002,106.7
d5969628-6059-4c04-b633-d9f23ca9ce1a,openseeface,1765222201136,119,1094.3755798339844,720.0,0.8549809217453004,1.0,0.9141032695770264,0,calib_02_retry,stream,calibration,170.70000000000002,106.7
d5969628-6059-4c04-b633-d9f23ca9ce1a,openseeface,1765222201178,120,1093.2778015136719,720.0,0.8541232824325562,1.0,0.9131898880004883,0,calib_02_retry,stream,calibration,170.70000000000002,106.7
d5969628-6059-4c04-b633-d9f23ca9ce1a,openseeface,1765222201220,121,1093.8290710449219,720.0,0.8545539617538451,1.0,0.918898344039917,0,calib_02_retry,stream,calibration,170.70000000000002,106.7
d5969628-6059-4c04-b633-d9f23ca9ce1a,openseeface,1765222201262,122,1095.75537109375,720.0,0.8560588836669922,1.0,0.9366214275360107,0,calib_02_retry,stream,calibration,170.70000000000002,106.7
d5969628-6059-4c04-b633-d9f23ca9ce1a,openseeface,1765222201304,123,1093.0448303222656,720.0,0.85394127368927,1.0,0.9283252954483032,0,calib_02_retry,stream,calibration,170.70000000000002,106.7
d5969628-6059-4c04-b633-d9f23ca9ce1a,openseeface,1765222201346,124,1093.338134765625,720.0,0.8541704177856446,1.0,0.9243761301040649,0,calib_02_retry,stream,calibration,170.70000000000002,106.7
d5969628-6059-4c04-b633-d9f23ca9ce1a,openseeface,1765222201388,125,1094.049560546875,720.0,0.854726219177246,1.0,0.9125504493713379,0,calib_02_retry,stream,calibration,170.70000000000002,106.7
d5969628-6059-4c04-b633-d9f23ca9ce1a,openseeface,1765222201430,126,1093.5423583984375,720.0,0.8543299674987792,1.0,0.9178298711776733,0,calib_02_retry,stream,calibration,170.70000000000002,106.7
d5969628-6059-4c04-b633-d9f23ca9ce1a,openseeface,1765222201472,127,1094.5384826660156,720.0,0.8551081895828248,1.0,0.9060180187225342,0,calib_02_retry,stream,calibration,170.70000000000002,106.7
d5969628-6059-4c04-b633-d9f23ca9ce1a,openseeface,1765222201514,128,1094.0508728027344,720.0,0.8547272443771363,1.0,0.914771318435669,0,calib_02_retry,stream,calibration,170.70000000000002,106.7
d5969628-6059-4c04-b633-d9f23ca9ce1a,openseeface,1765222201556,129,1094.6759643554688,720.0,0.85521559715271,1.0,0.9209692478179932,0,calib_02_retry,stream,calibration,170.70000000000002,106.7
d5969628-6059-4c04-b633-d9f23ca9ce1a,openseeface,1765222201598,130,1097.0946044921875,720.0,0.8571051597595214,1.0,0.9177225828170776,0,calib_02_retry,stream,calibration,170.70000000000002,106.7
d5969628-6059-4c04-b633-d9f23ca9ce1a,openseeface,1765222201641,131,1097.1052856445312,720.0,0.85711350440979,1.0,0.9269568920135498,0,calib_02_retry,stream,calibration,170.70000000000002,106.7
d5969628-6059-4c04-b633-d9f23ca9ce1a,openseeface,1765222201683,132,1102.1401977539062,720.0,0.8610470294952393,1.0,0.9280701875686646,0,calib_02_retry,stream,calibration,170.70000000000002,106.7
d5969628-6059-4c04-b633-d9f23ca9ce1a,openseeface,1765222201724,133,1105.6253051757812,720.0,0.8637697696685791,1.0,0.928626537322998,0,calib_02_retry,stream,calibration,170.70000000000002,106.7
d5969628-6059-4c04-b633-d9f23ca9ce1a,openseeface,1765222201766,134,1105.4083251953125,720.0,0.8636002540588379,1.0,0.9207514524459839,0,calib_02_retry,stream,calibration,170.70000000000002,106.7
d5969628-6059-4c04-b633-d9f23ca9ce1a,openseeface,1765222201808,135,1106.0077514648438,720.0,0.8640685558319092,1.0,0.9276444911956787,0,calib_02_retry,stream,calibration,170.70000000000002,106.7
d5969628-6059-4c04-b633-d9f23ca9ce1a,openseeface,1765222201850,136,1106.7823486328125,720.0,0.8646737098693849,1.0,0.9374924898147583,0,calib_02_retry,stream,calibration,170.70000000000002,106.7
d5969628-6059-4c04-b633-d9f23ca9ce1a,openseeface,1765222201892,137,1105.5248718261719,720.0,0.8636913061141969,1.0,0.9386708736419678,0,calib_02_retry,stream,calibration,170.70000000000002,106.7
d5969628-6059-4c04-b633-d9f23ca9ce1a,openseeface,1765222201934,138,1105.1392822265625,720.0,0.863390064239502,1.0,0.9365770816802979,0,calib_02_retry,stream,calibration,170.70000000000002,106.7
d5969628-6059-4c04-b633-d9f23ca9ce1a,openseeface,1765222201975,139,1104.6330261230469,720.0,0.8629945516586304,1.0,0.9414699077606201,0,calib_02_retry,stream,calibration,170.70000000000002,106.7
d5969628-6059-4c04-b633-d9f23ca9ce1a,openseeface,1765222202018,140,1104.3440856933594,720.0,0.8627688169479371,1.0,0.9239996671676636,0,calib_02_retry,stream,calibration,170.70000000000002,106.7
d5969628-6059-4c04-b633-d9f23ca9ce1a,openseeface,1765222202059,141,1105.2766418457031,720.0,0.8634973764419556,1.0,0.9359372854232788,0,calib_02_retry,stream,calibration,170.70000000000002,106.7
d5969628-6059-4c04-b633-d9f23ca9ce1a,openseeface,1765222202107,142,1107.0321350097656,720.0,0.8648688554763795,1.0,0.9289827346801758,0,calib_02_retry,stream,calibration,,
d5969628-6059-4c04-b633-d9f23ca9ce1a,openseeface,1765222202143,143,1104.6554565429688,720.0,0.8630120754241943,1.0,0.9311491250991821,0,calib_02_retry,stream,calibration,,
d5969628-6059-4c04-b633-d9f23ca9ce1a,openseeface,1765222202186,144,1106.7270202636719,720.0,0.8646304845809936,1.0,0.9339563846588135,0,calib_02_retry,stream,calibration,,
d5969628-6059-4c04-b633-d9f23ca9ce1a,openseeface,1765222202228,145,1106.5790100097656,720.0,0.8645148515701293,1.0,0.930605411529541,0,calib_02_retry,stream,calibration,,
d5969628-6059-4c04-b633-d9f23ca9ce1a,openseeface,1765222202269,146,1106.3256225585938,720.0,0.8643168926239013,1.0,0.9317699670791626,0,calib_02_retry,stream,calibration,,
d5969628-6059-4c04-b633-d9f23ca9ce1a,openseeface,1765222202312,147,1106.3009338378906,720.0,0.8642976045608521,1.0,0.9380006790161133,0,calib_02_retry,stream,calibration,,
d5969628-6059-4c04-b633-d9f23ca9ce1a,openseeface,1765222202354,148,1106.5225524902344,720.0,0.8644707441329955,1.0,0.9387245178222656,0,calib_02_retry,stream,calibration,,
d5969628-6059-4c04-b633-d9f23ca9ce1a,openseeface,1765222202396,149,1106.905517578125,720.0,0.8647699356079102,1.0,0.9365857839584351,0,calib_02_retry,stream,calibration,,
d5969628-6059-4c04-b633-d9f23ca9ce1a,openseeface,1765222202438,150,1107.4918212890625,720.0,0.8652279853820801,1.0,0.9333227872848511,0,calib_03,stream,calibration,1536.3,106.7
d5969628-6059-4c04-b633-d9f23ca9ce1a,openseeface,1765222202479,151,1107.3524475097656,720.0,0.8651190996170044,1.0,0.9362881183624268,0,calib_03,stream,calibration,1536.3,106.7
d5969628-6059-4c04-b633-d9f23ca9ce1a,openseeface,1765222202522,152,1107.8687133789062,720.0,0.8655224323272706,1.0,0.9347871541976929,0,calib_03,stream,calibration,1536.3,106.7
d5969628-6059-4c04-b633-d9f23ca9ce1a,openseeface,1765222202563,153,1107.0439453125,720.0,0.8648780822753905,1.0,0.9463182687759399,0,calib_03,stream,calibration,1536.3,106.7
d5969628-6059-4c04-b633-d9f23ca9ce1a,openseeface,1765222202605,154,1104.3377380371094,720.0,0.8627638578414918,1.0,0.9443346261978149,0,calib_03,stream,calibration,1536.3,106.7
d5969628-6059-4c04-b633-d9f23ca9ce1a,openseeface,1765222202647,155,1109.617431640625,720.0,0.8668886184692384,1.0,0.9513483047485352,0,calib_03,stream,calibration,1536.3,106.7
d5969628-6059-4c04-b633-d9f23ca9ce1a,openseeface,1765222202690,156,1110.8495178222656,720.0,0.8678511857986451,1.0,0.938030481338501,0,calib_03,stream,calibration,1536.3,106.7
d5969628-6059-4c04-b633-d9f23ca9ce1a,openseeface,1765222202731,157,1111.3257446289062,720.0,0.868223237991333,1.0,0.9304105043411255,0,calib_03,stream,calibration,1536.3,106.7
d5969628-6059-4c04-b633-d9f23ca9ce1a,openseeface,1765222202773,158,1110.3246154785156,720.0,0.8674411058425904,1.0,0.9270017147064209,0,calib_03,stream,calibration,1536.3,106.7
d5969628-6059-4c04-b633-d9f23ca9ce1a,openseeface,1765222202816,159,1110.9107360839844,720.0,0.8678990125656127,1.0,0.9452488422393799,0,calib_03,stream,calibration,1536.3,106.7
d5969628-6059-4c04-b633-d9f23ca9ce1a,openseeface,1765222202856,160,1113.9113159179688,720.0,0.870243215560913,1.0,0.9451576471328735,0,calib_03,stream,calibration,1536.3,106.7
d5969628-6059-4c04-b633-d9f23ca9ce1a,openseeface,1765222202899,161,1111.7368774414062,720.0,0.8685444355010987,1.0,0.9487619400024414,0,calib_03,stream,calibration,1536.3,106.7
d5969628-6059-4c04-b633-d9f23ca9ce1a,openseeface,1765222202941,162,1111.0399475097656,720.0,0.8679999589920044,1.0,0.9352595806121826,0,calib_03,stream,calibration,1536.3,106.7
d5969628-6059-4c04-b633-d9f23ca9ce1a,openseeface,1765222202983,163,1112.2251281738281,720.0,0.8689258813858032,1.0,0.9457159042358398,0,calib_03,stream,calibration,1536.3,106.7
d5969628-6059-4c04-b633-d9f23ca9ce1a,openseeface,1765222203024,164,1112.350830078125,720.0,0.8690240859985352,1.0,0.9334207773208618,0,calib_03,stream,calibration,1536.3,106.7
d5969628-6059-4c04-b633-d9f23ca9ce1a,openseeface,1765222203066,165,1115.2582702636719,720.0,0.8712955236434936,1.0,0.9311701059341431,0,calib_03,stream,calibration,1536.3,106.7
d5969628-6059-4c04-b633-d9f23ca9ce1a,openseeface,1765222203109,166,1112.9530944824219,720.0,0.8694946050643921,1.0,0.935921311378479,0,calib_03,stream,calibration,1536.3,106.7
d5969628-6059-4c04-b633-d9f23ca9ce1a,openseeface,1765222203151,167,1120.1896667480469,720.0,0.8751481771469116,1.0,0.928695559501648,0,calib_03,stream,calibration,1536.3,106.7
d5969628-6059-4c04-b633-d9f23ca9ce1a,openseeface,1765222203192,168,1115.8800354003906,720.0,0.8717812776565552,1.0,0.9229894876480103,0,calib_03,stream,calibration,1536.3,106.7
d5969628-6059-4c04-b633-d9f23ca9ce1a,openseeface,1765222203234,169,1118.1920776367188,720.0,0.8735875606536865,1.0,0.9145666360855103,0,calib_03,stream,calibration,1536.3,106.7
d5969628-6059-4c04-b633-d9f23ca9ce1a,openseeface,1765222203277,170,1120.6545715332031,720.0,0.875511384010315,1.0,0.9279935359954834,0,calib_03,stream,calibration,1536.3,106.7
d5969628-6059-4c04-b633-d9f23ca9ce1a,openseeface,1765222203319,171,1117.0502014160156,720.0,0.8726954698562621,1.0,0.9128049612045288,0,calib_03,stream,calibration,1536.3,106.7
d5969628-6059-4c04-b633-d9f23ca9ce1a,openseeface,1765222203361,172,1117.2740478515625,720.0,0.8728703498840331,1.0,0.9129270315170288,0,calib_03,stream,calibration,1536.3,106.7
d5969628-6059-4c04-b633-d9f23ca9ce1a,openseeface,1765222203402,173,1117.1941833496094,720.0,0.8728079557418824,1.0,0.9112429618835449,0,calib_03,stream,calibration,1536.3,106.7
d5969628-6059-4c04-b633-d9f23ca9ce1a,openseeface,1765222203445,174,1116.349609375,720.0,0.8721481323242188,1.0,0.9142732620239258,0,calib_03,stream,calibration,1536.3,106.7
d5969628-6059-4c04-b633-d9f23ca9ce1a,openseeface,1765222203486,175,1115.7248229980469,720.0,0.871660017967224,1.0,0.9136865139007568,0,calib_03,stream,calibration,1536.3,106.7
d5969628-6059-4c04-b633-d9f23ca9ce1a,openseeface,1765222203528,176,1116.6464538574219,720.0,0.8723800420761108,1.0,0.916570782661438,0,calib_03,stream,calibration,1536.3,106.7
d5969628-6059-4c04-b633-d9f23ca9ce1a,openseeface,1765222203571,177,1116.3316345214844,720.0,0.8721340894699097,1.0,0.9250627756118774,0,calib_03,stream,calibration,1536.3,106.7
d5969628-6059-4c04-b633-d9f23ca9ce1a,openseeface,1765222203612,178,1118.3762817382812,720.0,0.8737314701080323,1.0,0.9295419454574585,0,calib_03,stream,calibration,1536.3,106.7
d5969628-6059-4c04-b633-d9f23ca9ce1a,openseeface,1765222203654,179,1120.4517822265625,720.0,0.875352954864502,1.0,0.9342731237411499,0,calib_03,stream,calibration,1536.3,106.7
d5969628-6059-4c04-b633-d9f23ca9ce1a,openseeface,1765222203696,180,1117.0264587402344,720.0,0.8726769208908081,1.0,0.9372396469116211,0,calib_03,stream,calibration,1536.3,106.7
d5969628-6059-4c04-b633-d9f23ca9ce1a,openseeface,1765222203738,181,1119.1399230957031,720.0,0.8743280649185181,1.0,0.9322341680526733,0,calib_03,stream,calibration,1536.3,106.7
d5969628-6059-4c04-b633-d9f23ca9ce1a,openseeface,1765222203781,182,1118.113525390625,720.0,0.8735261917114259,1.0,0.9363769292831421,0,calib_03,stream,calibration,1536.3,106.7
d5969628-6059-4c04-b633-d9f23ca9ce1a,openseeface,1765222203822,183,1116.4622802734375,720.0,0.872236156463623,1.0,0.9367585182189941,0,calib_03,stream,calibration,1536.3,106.7
d5969628-6059-4c04-b633-d9f23ca9ce1a,openseeface,1765222203863,184,1116.74560546875,720.0,0.8724575042724609,1.0,0.9370529651641846,0,calib_03,stream,calibration,1536.3,106.7
d5969628-6059-4c04-b633-d9f23ca9ce1a,openseeface,1765222203906,185,1118.2373352050781,720.0,0.8736229181289672,1.0,0.9361389875411987,0,calib_03,stream,calibration,1536.3,106.7
d5969628-6059-4c04-b633-d9f23ca9ce1a,openseeface,1765222203946,186,1118.1343078613281,720.0,0.8735424280166626,1.0,0.9312222003936768,0,calib_03,stream,calibration,,
d5969628-6059-4c04-b633-d9f23ca9ce1a,openseeface,1765222203993,187,1119.1185913085938,720.0,0.8743113994598388,1.0,0.9259811639785767,0,calib_03,stream,calibration,,
d5969628-6059-4c04-b633-d9f23ca9ce1a,openseeface,1765222204031,188,1117.9525451660156,720.0,0.8734004259109498,1.0,0.9285566806793213,0,calib_03,stream,calibration,,
d5969628-6059-4c04-b633-d9f23ca9ce1a,openseeface,1765222204074,189,1116.5077819824219,720.0,0.8722717046737671,1.0,0.9329382181167603,0,calib_03,stream,calibration,,
d5969628-6059-4c04-b633-d9f23ca9ce1a,openseeface,1765222204117,190,1117.06689453125,720.0,0.872708511352539,1.0,0.9350165128707886,0,calib_03,stream,calibration,,
d5969628-6059-4c04-b633-d9f23ca9ce1a,openseeface,1765222204159,191,1117.143798828125,720.0,0.8727685928344726,1.0,0.9366072416305542,0,calib_03,stream,calibration,,
d5969628-6059-4c04-b633-d9f23ca9ce1a,openseeface,1765222204200,192,1114.9979248046875,720.0,0.8710921287536622,1.0,0.9374270439147949,0,calib_03,stream,calibration,,
d5969628-6059-4c04-b633-d9f23ca9ce1a,openseeface,1765222204242,193,1114.2040100097656,720.0,0.8704718828201294,1.0,0.9338687658309937,0,calib_03_retry,stream,calibration,1536.3,106.7
d5969628-6059-4c04-b633-d9f23ca9ce1a,openseeface,1765222204283,194,1111.6863403320312,720.0,0.8685049533843994,1.0,0.9372397661209106,0,calib_03_retry,stream,calibration,1536.3,106.7
d5969628-6059-4c04-b633-d9f23ca9ce1a,openseeface,1765222204327,195,1110.9859313964844,720.0,0.8679577589035035,1.0,0.9221440553665161,0,calib_03_retry,stream,calibration,1536.3,106.7
d5969628-6059-4c04-b633-d9f23ca9ce1a,openseeface,1765222204367,196,1110.6886901855469,720.0,0.8677255392074585,1.0,0.9167799949645996,0,calib_03_retry,stream,calibration,1536.3,106.7
d5969628-6059-4c04-b633-d9f23ca9ce1a,openseeface,1765222204409,197,1109.9078674316406,720.0,0.8671155214309691,1.0,0.9291352033615112,0,calib_03_retry,stream,calibration,1536.3,106.7
d5969628-6059-4c04-b633-d9f23ca9ce1a,openseeface,1765222204451,198,1108.6060180664062,720.0,0.8660984516143799,1.0,0.926710844039917,0,calib_03_retry,stream,calibration,1536.3,106.7
d5969628-6059-4c04-b633-d9f23ca9ce1a,openseeface,1765222204493,199,1107.1449584960938,720.0,0.8649569988250732,1.0,0.918126106262207,0,calib_03_retry,stream,calibration,1536.3,106.7
d5969628-6059-4c04-b633-d9f23ca9ce1a,openseeface,1765222204534,200,1106.5791931152344,720.0,0.8645149946212769,1.0,0.9199692010879517,0,calib_03_retry,stream,calibration,1536.3,106.7
d5969628-6059-4c04-b633-d9f23ca9ce1a,openseeface,1765222204578,201,1109.7044982910156,720.0,0.866956639289856,1.0,0.9086209535598755,0,calib_03_retry,stream,calibration,1536.3,106.7
d5969628-6059-4c04-b633-d9f23ca9ce1a,openseeface,1765222204620,202,1108.5594177246094,720.0,0.8660620450973511,1.0,0.918360710144043,0,calib_03_retry,stream,calibration,1536.3,106.7
d5969628-6059-4c04-b633-d9f23ca9ce1a,openseeface,1765222204662,203,1105.983154296875,720.0,0.8640493392944335,1.0,0.908828616142273,0,calib_03_retry,stream,calibration,1536.3,106.7
d5969628-6059-4c04-b633-d9f23ca9ce1a,openseeface,1765222204703,204,1109.4187316894531,720.0,0.8667333841323852,1.0,0.9124017953872681,0,calib_03_retry,stream,calibration,1536.3,106.7
d5969628-6059-4c04-b633-d9f23ca9ce1a,openseeface,1765222204746,205,1105.3699035644531,720.0,0.8635702371597289,1.0,0.912661075592041,0,calib_03_retry,stream,calibration,1536.3,106.7
d5969628-6059-4c04-b633-d9f23ca9ce1a,openseeface,1765222204788,206,1109.8818664550781,720.0,0.8670952081680299,1.0,0.9169588088989258,0,calib_03_retry,stream,calibration,1536.3,106.7
d5969628-6059-4c04-b633-d9f23ca9ce1a,openseeface,1765222204830,207,1106.0619201660156,720.0,0.8641108751296998,1.0,0.9170955419540405,0,calib_03_retry,stream,calibration,1536.3,106.7
d5969628-6059-4c04-b633-d9f23ca9ce1a,openseeface,1765222204872,208,1105.5746154785156,720.0,0.8637301683425904,1.0,0.9169687032699585,0,calib_03_retry,stream,calibration,1536.3,106.7
d5969628-6059-4c04-b633-d9f23ca9ce1a,openseeface,1765222204914,209,1106.5780334472656,720.0,0.8645140886306764,1.0,0.9180362224578857,0,calib_03_retry,stream,calibration,1536.3,106.7
d5969628-6059-4c04-b633-d9f23ca9ce1a,openseeface,1765222204956,210,1105.0022888183594,720.0,0.8632830381393433,1.0,0.9215120077133179,0,calib_03_retry,stream,calibration,1536.3,106.7
d5969628-6059-4c04-b633-d9f23ca9ce1a,openseeface,1765222204999,211,1105.4522399902344,720.0,0.8636345624923707,1.0,0.9226853847503662,0,calib_03_retry,stream,calibration,1536.3,106.7
d5969628-6059-4c04-b633-d9f23ca9ce1a,openseeface,1765222205040,212,1106.4513244628906,720.0,0.8644150972366333,1.0,0.9287091493606567,0,calib_03_retry,stream,calibration,1536.3,106.7
d5969628-6059-4c04-b633-d9f23ca9ce1a,openseeface,1765222205082,213,1105.5703430175781,720.0,0.863726830482483,1.0,0.9237747192382812,0,calib_03_retry,stream,calibration,1536.3,106.7
d5969628-6059-4c04-b633-d9f23ca9ce1a,openseeface,1765222205125,214,1105.7769165039062,720.0,0.8638882160186767,1.0,0.9219980239868164,0,calib_03_retry,stream,calibration,1536.3,106.7
d5969628-6059-4c04-b633-d9f23ca9ce1a,openseeface,1765222205166,215,1105.0939025878906,720.0,0.8633546113967896,1.0,0.9220867156982422,0,calib_03_retry,stream,calibration,1536.3,106.7
d5969628-6059-4c04-b633-d9f23ca9ce1a,openseeface,1765222205208,216,1107.2684326171875,720.0,0.8650534629821778,1.0,0.9147398471832275,0,calib_03_retry,stream,calibration,1536.3,106.7
d5969628-6059-4c04-b633-d9f23ca9ce1a,openseeface,1765222205264,217,1107.6087036132812,720.0,0.865319299697876,1.0,0.9131839275360107,0,calib_03_retry,stream,calibration,1536.3,106.7
d5969628-6059-4c04-b633-d9f23ca9ce1a,openseeface,1765222205301,218,1106.2604370117188,720.0,0.8642659664154053,1.0,0.9352689981460571,0,calib_03_retry,stream,calibration,1536.3,106.7
d5969628-6059-4c04-b633-d9f23ca9ce1a,openseeface,1765222205343,219,1104.5708312988281,720.0,0.8629459619522095,1.0,0.9305118322372437,0,calib_03_retry,stream,calibration,1536.3,106.7
d5969628-6059-4c04-b633-d9f23ca9ce1a,openseeface,1765222205384,220,1104.5450439453125,720.0,0.8629258155822754,1.0,0.9358404874801636,0,calib_03_retry,stream,calibration,1536.3,106.7
d5969628-6059-4c04-b633-d9f23ca9ce1a,openseeface,1765222205427,221,1104.8182678222656,720.0,0.863139271736145,1.0,0.9331055879592896,0,calib_03_retry,stream,calibration,1536.3,106.7
d5969628-6059-4c04-b633-d9f23ca9ce1a,openseeface,1765222205469,222,1106.5550842285156,720.0,0.8644961595535279,1.0,0.931873083114624,0,calib_03_retry,stream,calibration,1536.3,106.7
d5969628-6059-4c04-b633-d9f23ca9ce1a,openseeface,1765222205510,223,1106.2198181152344,720.0,0.8642342329025268,1.0,0.9279065132141113,0,calib_03_retry,stream,calibration,1536.3,106.7
d5969628-6059-4c04-b633-d9f23ca9ce1a,openseeface,1765222205552,224,1107.83251953125,720.0,0.865494155883789,1.0,0.9287312030792236,0,calib_03_retry,stream,calibration,1536.3,106.7
d5969628-6059-4c04-b633-d9f23ca9ce1a,openseeface,1765222205595,225,1107.4223327636719,720.0,0.8651736974716187,1.0,0.9299252033233643,0,calib_03_retry,stream,calibration,1536.3,106.7
d5969628-6059-4c04-b633-d9f23ca9ce1a,openseeface,1765222205636,226,1105.7235107421875,720.0,0.8638464927673339,1.0,0.9256322383880615,0,calib_03_retry,stream,calibration,1536.3,106.7
d5969628-6059-4c04-b633-d9f23ca9ce1a,openseeface,1765222205678,227,1105.5933532714844,720.0,0.8637448072433471,1.0,0.9226959943771362,0,calib_03_retry,stream,calibration,1536.3,106.7
d5969628-6059-4c04-b633-d9f23ca9ce1a,openseeface,1765222205721,228,1104.921630859375,720.0,0.8632200241088868,1.0,0.9271106719970703,0,calib_03_retry,stream,calibration,,
d5969628-6059-4c04-b633-d9f23ca9ce1a,openseeface,1765222205763,229,1105.41943359375,720.0,0.8636089324951173,1.0,0.9285167455673218,0,calib_03_retry,stream,calibration,,
d5969628-6059-4c04-b633-d9f23ca9ce1a,openseeface,1765222205804,230,1105.1424560546875,720.0,0.8633925437927246,1.0,0.9312105178833008,0,calib_03_retry,stream,calibration,,
d5969628-6059-4c04-b633-d9f23ca9ce1a,openseeface,1765222205846,231,1105.7184448242188,720.0,0.8638425350189209,1.0,0.9317196607589722,0,calib_03_retry,stream,calibration,,
d5969628-6059-4c04-b633-d9f23ca9ce1a,openseeface,1765222205889,232,1105.7398071289062,720.0,0.863859224319458,1.0,0.9304494857788086,0,calib_03_retry,stream,calibration,,
d5969628-6059-4c04-b633-d9f23ca9ce1a,openseeface,1765222205930,233,1105.41162109375,720.0,0.8636028289794921,1.0,0.9276070594787598,0,calib_03_retry,stream,calibration,,
d5969628-6059-4c04-b633-d9f23ca9ce1a,openseeface,1765222205972,234,1103.6052551269531,720.0,0.8621916055679322,1.0,0.9285835027694702,0,calib_03_retry,stream,calibration,,
d5969628-6059-4c04-b633-d9f23ca9ce1a,openseeface,1765222206014,235,1103.3891296386719,720.0,0.8620227575302124,1.0,0.932381272315979,0,calib_03_retry,stream,calibration,,
d5969628-6059-4c04-b633-d9f23ca9ce1a,openseeface,1765222206055,236,1104.0205688476562,720.0,0.8625160694122314,1.0,0.9279142618179321,0,calib_04,stream,calibration,1536.3,960.3000000000001
d5969628-6059-4c04-b633-d9f23ca9ce1a,openseeface,1765222206098,237,1104.91015625,720.0,0.8632110595703124,1.0,0.9308226108551025,0,calib_04,stream,calibration,1536.3,960.3000000000001
d5969628-6059-4c04-b633-d9f23ca9ce1a,openseeface,1765222206139,238,1098.6330871582031,720.0,0.8583070993423463,1.0,0.9307620525360107,0,calib_04,stream,calibration,1536.3,960.3000000000001
d5969628-6059-4c04-b633-d9f23ca9ce1a,openseeface,1765222206186,239,1092.6900939941406,720.0,0.8536641359329225,1.0,0.9337190389633179,0,calib_04,stream,calibration,1536.3,960.3000000000001
d5969628-6059-4c04-b633-d9f23ca9ce1a,openseeface,1765222206223,240,1091.1173706054688,720.0,0.8524354457855225,1.0,0.9456783533096313,0,calib_04,stream,calibration,1536.3,960.3000000000001
d5969628-6059-4c04-b633-d9f23ca9ce1a,openseeface,1765222206266,241,1089.696044921875,720.0,0.8513250350952148,1.0,0.9365544319152832,0,calib_04,stream,calibration,1536.3,960.3000000000001
d5969628-6059-4c04-b633-d9f23ca9ce1a,openseeface,1765222206307,242,1086.674072265625,720.0,0.8489641189575194,1.0,0.9394426345825195,0,calib_04,stream,calibration,1536.3,960.3000000000001
d5969628-6059-4c04-b633-d9f23ca9ce1a,openseeface,1765222206349,243,1081.4781799316406,720.0,0.8449048280715943,1.0,0.9420666694641113,0,calib_04,stream,calibration,1536.3,960.3000000000001
d5969628-6059-4c04-b633-d9f23ca9ce1a,openseeface,1765222206392,244,1080.0167236328125,720.0,0.8437630653381347,1.0,0.938747763633728,0,calib_04,stream,calibration,1536.3,960.3000000000001
d5969628-6059-4c04-b633-d9f23ca9ce1a,openseeface,1765222206434,245,1078.56591796875,720.0,0.8426296234130859,1.0,0.9419580698013306,0,calib_04,stream,calibration,1536.3,960.3000000000001
d5969628-6059-4c04-b633-d9f23ca9ce1a,openseeface,1765222206476,246,1076.5647888183594,720.0,0.8410662412643433,1.0,0.9375334978103638,0,calib_04,stream,calibration,1536.3,960.3000000000001
d5969628-6059-4c04-b633-d9f23ca9ce1a,openseeface,1765222206517,247,1075.7655944824219,720.0,0.8404418706893921,1.0,0.9432476758956909,0,calib_04,stream,calibration,1536.3,960.3000000000001
d5969628-6059-4c04-b633-d9f23ca9ce1a,openseeface,1765222206559,248,1070.6682739257812,720.0,0.8364595890045166,1.0,0.9337106943130493,0,calib_04,stream,calibration,1536.3,960.3000000000001
d5969628-6059-4c04-b633-d9f23ca9ce1a,openseeface,1765222206601,249,1069.5165100097656,720.0,0.8355597734451294,1.0,0.9350811243057251,0,calib_04,stream,calibration,1536.3,960.3000000000001
d5969628-6059-4c04-b633-d9f23ca9ce1a,openseeface,1765222206644,250,1069.4668579101562,720.0,0.8355209827423096,1.0,0.9311176538467407,0,calib_04,stream,calibration,1536.3,960.3000000000001
d5969628-6059-4c04-b633-d9f23ca9ce1a,openseeface,1765222206686,251,1065.5864562988281,720.0,0.8324894189834595,1.0,0.9255317449569702,0,calib_04,stream,calibration,1536.3,960.3000000000001
d5969628-6059-4c04-b633-d9f23ca9ce1a,openseeface,1765222206727,252,1064.5046691894531,720.0,0.8316442728042603,1.0,0.9273945093154907,0,calib_04,stream,calibration,1536.3,960.3000000000001
d5969628-6059-4c04-b633-d9f23ca9ce1a,openseeface,1765222206769,253,1064.6263732910156,720.0,0.831739354133606,1.0,0.9267759323120117,0,calib_04,stream,calibration,1536.3,960.3000000000001
d5969628-6059-4c04-b633-d9f23ca9ce1a,openseeface,1765222206816,254,1064.0441284179688,720.0,0.831284475326538,1.0,0.9304174184799194,0,calib_04,stream,calibration,1536.3,960.3000000000001
d5969628-6059-4c04-b633-d9f23ca9ce1a,openseeface,1765222206856,255,1063.7094421386719,720.0,0.8310230016708373,1.0,0.9340039491653442,0,calib_04,stream,calibration,1536.3,960.3000000000001
d5969628-6059-4c04-b633-d9f23ca9ce1a,openseeface,1765222206898,256,1064.5957641601562,720.0,0.8317154407501222,1.0,0.9328287839889526,0,calib_04,stream,calibration,1536.3,960.3000000000001
d5969628-6059-4c04-b633-d9f23ca9ce1a,openseeface,1765222206939,257,1065.2011413574219,720.0,0.8321883916854858,1.0,0.9352105855941772,0,calib_04,stream,calibration,1536.3,960.3000000000001
d5969628-6059-4c04-b633-d9f23ca9ce1a,openseeface,1765222206981,258,1065.6172790527344,720.0,0.8325134992599488,1.0,0.9377139806747437,0,calib_04,stream,calibration,1536.3,960.3000000000001
d5969628-6059-4c04-b633-d9f23ca9ce1a,openseeface,1765222207024,259,1064.7941589355469,720.0,0.831870436668396,1.0,0.9378871917724609,0,calib_04,stream,calibration,1536.3,960.3000000000001
d5969628-6059-4c04-b633-d9f23ca9ce1a,openseeface,1765222207065,260,1065.3095703125,720.0,0.8322731018066407,1.0,0.9369568824768066,0,calib_04,stream,calibration,1536.3,960.3000000000001
d5969628-6059-4c04-b633-d9f23ca9ce1a,openseeface,1765222207108,261,1066.0742797851562,720.0,0.8328705310821534,1.0,0.9360756874084473,0,calib_04,stream,calibration,1536.3,960.3000000000001
d5969628-6059-4c04-b633-d9f23ca9ce1a,openseeface,1765222207149,262,1066.7050476074219,720.0,0.8333633184432983,1.0,0.9346705675125122,0,calib_04,stream,calibration,1536.3,960.3000000000001
d5969628-6059-4c04-b633-d9f23ca9ce1a,openseeface,1765222207192,263,1065.5169067382812,720.0,0.8324350833892822,1.0,0.9351131916046143,0,calib_04,stream,calibration,1536.3,960.3000000000001
d5969628-6059-4c04-b633-d9f23ca9ce1a,openseeface,1765222207234,264,1066.6763610839844,720.0,0.8333409070968627,1.0,0.9358035326004028,0,calib_04,stream,calibration,1536.3,960.3000000000001
d5969628-6059-4c04-b633-d9f23ca9ce1a,openseeface,1765222207276,265,1068.21484375,720.0,0.8345428466796876,1.0,0.9405587911605835,0,calib_04,stream,calibration,1536.3,960.3000000000001
d5969628-6059-4c04-b633-d9f23ca9ce1a,openseeface,1765222207319,266,1069.6156616210938,720.0,0.8356372356414794,1.0,0.9437453746795654,0,calib_04,stream,calibration,1536.3,960.3000000000001
d5969628-6059-4c04-b633-d9f23ca9ce1a,openseeface,1765222207360,267,1072.7572937011719,720.0,0.8380916357040404,1.0,0.9396531581878662,0,calib_04,stream,calibration,1536.3,960.3000000000001
d5969628-6059-4c04-b633-d9f23ca9ce1a,openseeface,1765222207401,268,1073.6729125976562,720.0,0.838806962966919,1.0,0.9380583763122559,0,calib_04,stream,calibration,1536.3,960.3000000000001
d5969628-6059-4c04-b633-d9f23ca9ce1a,openseeface,1765222207444,269,1073.022705078125,720.0,0.8382989883422851,1.0,0.9434390068054199,0,calib_04,stream,calibration,1536.3,960.3000000000001
d5969628-6059-4c04-b633-d9f23ca9ce1a,openseeface,1765222207485,270,1073.105224609375,720.0,0.8383634567260743,1.0,0.9475482702255249,0,calib_04,stream,calibration,1536.3,960.3000000000001
d5969628-6059-4c04-b633-d9f23ca9ce1a,openseeface,1765222207527,271,1073.9756164550781,720.0,0.8390434503555297,1.0,0.9435667991638184,0,calib_04,stream,calibration,,
d5969628-6059-4c04-b633-d9f23ca9ce1a,openseeface,1765222207571,272,1075.1910095214844,720.0,0.8399929761886598,1.0,0.9444254636764526,0,calib_04,stream,calibration,,
d5969628-6059-4c04-b633-d9f23ca9ce1a,openseeface,1765222207612,273,1074.9974670410156,720.0,0.8398417711257935,1.0,0.9442716836929321,0,calib_04,stream,calibration,,
d5969628-6059-4c04-b633-d9f23ca9ce1a,openseeface,1765222207654,274,1076.1284790039062,720.0,0.8407253742218017,1.0,0.9423116445541382,0,calib_04,stream,calibration,,
d5969628-6059-4c04-b633-d9f23ca9ce1a,openseeface,1765222207696,275,1076.357666015625,720.0,0.840904426574707,1.0,0.9410929679870605,0,calib_04,stream,calibration,,
d5969628-6059-4c04-b633-d9f23ca9ce1a,openseeface,1765222207738,276,1077.1683044433594,720.0,0.8415377378463744,1.0,0.9425251483917236,0,calib_04,stream,calibration,,
d5969628-6059-4c04-b633-d9f23ca9ce1a,openseeface,1765222207780,277,1078.5427551269531,720.0,0.8426115274429322,1.0,0.9408239126205444,0,calib_04,stream,calibration,,
d5969628-6059-4c04-b633-d9f23ca9ce1a,openseeface,1765222207822,278,1079.0694274902344,720.0,0.8430229902267456,1.0,0.9404115676879883,0,calib_04,stream,calibration,,
d5969628-6059-4c04-b633-d9f23ca9ce1a,openseeface,1765222207865,279,1079.112060546875,720.0,0.8430562973022462,1.0,0.9391723871231079,0,calib_04_retry,stream,calibration,1536.3,960.3000000000001
d5969628-6059-4c04-b633-d9f23ca9ce1a,openseeface,1765222207905,280,1079.2279968261719,720.0,0.8431468725204467,1.0,0.9408315420150757,0,calib_04_retry,stream,calibration,1536.3,960.3000000000001
d5969628-6059-4c04-b633-d9f23ca9ce1a,openseeface,1765222207947,281,1079.1365356445312,720.0,0.84307541847229,1.0,0.9410041570663452,0,calib_04_retry,stream,calibration,1536.3,960.3000000000001
d5969628-6059-4c04-b633-d9f23ca9ce1a,openseeface,1765222207989,282,1079.1134338378906,720.0,0.8430573701858521,1.0,0.9420919418334961,0,calib_04_retry,stream,calibration,1536.3,960.3000000000001
d5969628-6059-4c04-b633-d9f23ca9ce1a,openseeface,1765222208032,283,1078.4839172363281,720.0,0.8425655603408813,1.0,0.9368691444396973,0,calib_04_retry,stream,calibration,1536.3,960.3000000000001
d5969628-6059-4c04-b633-d9f23ca9ce1a,openseeface,1765222208075,284,1077.7726440429688,720.0,0.8420098781585694,1.0,0.9422616958618164,0,calib_04_retry,stream,calibration,1536.3,960.3000000000001
d5969628-6059-4c04-b633-d9f23ca9ce1a,openseeface,1765222208116,285,1078.2650756835938,720.0,0.8423945903778076,1.0,0.9400146007537842,0,calib_04_retry,stream,calibration,1536.3,960.3000000000001
d5969628-6059-4c04-b633-d9f23ca9ce1a,openseeface,1765222208159,286,1077.7364196777344,720.0,0.84198157787323,1.0,0.9432449340820312,0,calib_04_retry,stream,calibration,1536.3,960.3000000000001
d5969628-6059-4c04-b633-d9f23ca9ce1a,openseeface,1765222208201,287,1078.0197448730469,720.0,0.8422029256820678,1.0,0.9429081678390503,0,calib_04_retry,stream,calibration,1536.3,960.3000000000001
d5969628-6059-4c04-b633-d9f23ca9ce1a,openseeface,1765222208243,288,1077.6704406738281,720.0,0.8419300317764282,1.0,0.9413068294525146,0,calib_04_retry,stream,calibration,1536.3,960.3000000000001
d5969628-6059-4c04-b633-d9f23ca9ce1a,openseeface,1765222208284,289,1078.1667175292969,720.0,0.8423177480697632,1.0,0.9405670166015625,0,calib_04_retry,stream,calibration,1536.3,960.3000000000001
d5969628-6059-4c04-b633-d9f23ca9ce1a,openseeface,1765222208325,290,1077.3030700683594,720.0,0.8416430234909058,1.0,0.942131757736206,0,calib_04_retry,stream,calibration,1536.3,960.3000000000001
d5969628-6059-4c04-b633-d9f23ca9ce1a,openseeface,1765222208368,291,1078.7969970703125,720.0,0.8428101539611816,1.0,0.9415901899337769,0,calib_04_retry,stream,calibration,1536.3,960.3000000000001
d5969628-6059-4c04-b633-d9f23ca9ce1a,openseeface,1765222208409,292,1077.5661010742188,720.0,0.8418485164642333,1.0,0.9401441812515259,0,calib_04_retry,stream,calibration,1536.3,960.3000000000001
d5969628-6059-4c04-b633-d9f23ca9ce1a,openseeface,1765222208452,293,1077.3319396972656,720.0,0.8416655778884887,1.0,0.9410148859024048,0,calib_04_retry,stream,calibration,1536.3,960.3000000000001
d5969628-6059-4c04-b633-d9f23ca9ce1a,openseeface,1765222208494,294,1077.4474182128906,720.0,0.8417557954788208,1.0,0.9414875507354736,0,calib_04_retry,stream,calibration,1536.3,960.3000000000001
d5969628-6059-4c04-b633-d9f23ca9ce1a,openseeface,1765222208535,295,1077.1113586425781,720.0,0.8414932489395142,1.0,0.9422852993011475,0,calib_04_retry,stream,calibration,1536.3,960.3000000000001
d5969628-6059-4c04-b633-d9f23ca9ce1a,openseeface,1765222208577,296,1076.0377807617188,720.0,0.8406545162200927,1.0,0.9427014589309692,0,calib_04_retry,stream,calibration,1536.3,960.3000000000001
d5969628-6059-4c04-b633-d9f23ca9ce1a,openseeface,1765222208619,297,1076.2119140625,720.0,0.8407905578613282,1.0,0.9448192119598389,0,calib_04_retry,stream,calibration,1536.3,960.3000000000001
d5969628-6059-4c04-b633-d9f23ca9ce1a,openseeface,1765222208661,298,1076.2892761230469,720.0,0.8408509969711304,1.0,0.9427909851074219,0,calib_04_retry,stream,calibration,1536.3,960.3000000000001
d5969628-6059-4c04-b633-d9f23ca9ce1a,openseeface,1765222208704,299,1076.4811096191406,720.0,0.8410008668899536,1.0,0.9453312158584595,0,calib_04_retry,stream,calibration,1536.3,960.3000000000001
d5969628-6059-4c04-b633-d9f23ca9ce1a,openseeface,1765222208745,300,1075.548095703125,720.0,0.8402719497680664,1.0,0.9455499649047852,0,calib_04_retry,stream,calibration,1536.3,960.3000000000001
d5969628-6059-4c04-b633-d9f23ca9ce1a,openseeface,1765222208788,301,1076.0661926269531,720.0,0.8406767129898072,1.0,0.9434424638748169,0,calib_04_retry,stream,calibration,1536.3,960.3000000000001
d5969628-6059-4c04-b633-d9f23ca9ce1a,openseeface,1765222208829,302,1075.4040832519531,720.0,0.8401594400405883,1.0,0.9416782855987549,0,calib_04_retry,stream,calibration,1536.3,960.3000000000001
d5969628-6059-4c04-b633-d9f23ca9ce1a,openseeface,1765222208871,303,1075.7164306640625,720.0,0.8404034614562987,1.0,0.9464948177337646,0,calib_04_retry,stream,calibration,1536.3,960.3000000000001
d5969628-6059-4c04-b633-d9f23ca9ce1a,openseeface,1765222208913,304,1076.7807312011719,720.0,0.8412349462509154,1.0,0.9420590400695801,0,calib_04_retry,stream,calibration,1536.3,960.3000000000001
d5969628-6059-4c04-b633-d9f23ca9ce1a,openseeface,1765222208955,305,1076.9331359863281,720.0,0.8413540124893188,1.0,0.9439600706100464,0,calib_04_retry,stream,calibration,1536.3,960.3000000000001
d5969628-6059-4c04-b633-d9f23ca9ce1a,openseeface,1765222208997,306,1076.3450622558594,720.0,0.8408945798873901,1.0,0.9468220472335815,0,calib_04_retry,stream,calibration,1536.3,960.3000000000001
d5969628-6059-4c04-b633-d9f23ca9ce1a,openseeface,1765222209041,307,1075.6948547363281,720.0,0.8403866052627564,1.0,0.9411965608596802,0,calib_04_retry,stream,calibration,1536.3,960.3000000000001
d5969628-6059-4c04-b633-d9f23ca9ce1a,openseeface,1765222209081,308,1075.7234802246094,720.0,0.8404089689254761,1.0,0.9459364414215088,0,calib_04_retry,stream,calibration,1536.3,960.3000000000001
d5969628-6059-4c04-b633-d9f23ca9ce1a,openseeface,1765222209124,309,1075.8592529296875,720.0,0.8405150413513183,1.0,0.9420593976974487,0,calib_04_retry,stream,calibration,1536.3,960.3000000000001
d5969628-6059-4c04-b633-d9f23ca9ce1a,openseeface,1765222209164,310,1075.6256103515625,720.0,0.8403325080871582,1.0,0.9453147649765015,0,calib_04_retry,stream,calibration,1536.3,960.3000000000001
d5969628-6059-4c04-b633-d9f23ca9ce1a,openseeface,1765222209208,311,1074.9059143066406,720.0,0.839770245552063,1.0,0.9442058801651001,0,calib_04_retry,stream,calibration,1536.3,960.3000000000001
d5969628-6059-4c04-b633-d9f23ca9ce1a,openseeface,1765222209250,312,1075.1506042480469,720.0,0.8399614095687866,1.0,0.9428441524505615,0,calib_04_retry,stream,calibration,1536.3,960.3000000000001
d5969628-6059-4c04-b633-d9f23ca9ce1a,openseeface,1765222209291,313,1074.7219848632812,720.0,0.8396265506744385,1.0,0.948061466217041,0,calib_04_retry,stream,calibration,1536.3,960.3000000000001
d5969628-6059-4c04-b633-d9f23ca9ce1a,openseeface,1765222209333,314,1074.1735534667969,720.0,0.8391980886459351,1.0,0.9446443319320679,0,calib_04_retry,stream,calibration,1536.3,960.3000000000001
d5969628-6059-4c04-b633-d9f23ca9ce1a,openseeface,1765222209375,315,1074.7687377929688,720.0,0.8396630764007569,1.0,0.9448590278625488,0,calib_04_retry,stream,calibration,,
d5969628-6059-4c04-b633-d9f23ca9ce1a,openseeface,1765222209417,316,1075.583740234375,720.0,0.8402997970581054,1.0,0.9505195617675781,0,calib_04_retry,stream,calibration,,
d5969628-6059-4c04-b633-d9f23ca9ce1a,openseeface,1765222209459,317,1074.3724365234375,720.0,0.8393534660339355,1.0,0.9472589492797852,0,calib_04_retry,stream,calibration,,
d5969628-6059-4c04-b633-d9f23ca9ce1a,openseeface,1765222209500,318,1074.2517395019531,720.0,0.8392591714859008,1.0,0.9473165273666382,0,calib_04_retry,stream,calibration,,
d5969628-6059-4c04-b633-d9f23ca9ce1a,openseeface,1765222209543,319,1074.4642333984375,720.0,0.8394251823425294,1.0,0.9471244812011719,0,calib_04_retry,stream,calibration,,
d5969628-6059-4c04-b633-d9f23ca9ce1a,openseeface,1765222209585,320,1074.0321655273438,720.0,0.8390876293182372,1.0,0.946091890335083,0,calib_04_retry,stream,calibration,,
d5969628-6059-4c04-b633-d9f23ca9ce1a,openseeface,1765222209626,321,1073.954345703125,720.0,0.8390268325805663,1.0,0.948255181312561,0,calib_04_retry,stream,calibration,,
d5969628-6059-4c04-b633-d9f23ca9ce1a,openseeface,1765222209669,322,1074.1040344238281,720.0,0.8391437768936156,1.0,0.9484848976135254,0,calib_05,stream,calibration,170.70000000000002,960.3000000000001
d5969628-6059-4c04-b633-d9f23ca9ce1a,openseeface,1765222209711,323,1073.6622924804688,720.0,0.8387986660003661,1.0,0.9454050064086914,0,calib_05,stream,calibration,170.70000000000002,960.3000000000001
d5969628-6059-4c04-b633-d9f23ca9ce1a,openseeface,1765222209753,324,1073.0180053710938,720.0,0.8382953166961671,1.0,0.9458246231079102,0,calib_05,stream,calibration,170.70000000000002,960.3000000000001
d5969628-6059-4c04-b633-d9f23ca9ce1a,openseeface,1765222209795,325,1073.9965209960938,720.0,0.8390597820281982,1.0,0.9475206136703491,0,calib_05,stream,calibration,170.70000000000002,960.3000000000001
d5969628-6059-4c04-b633-d9f23ca9ce1a,openseeface,1765222209836,326,1074.5614929199219,720.0,0.8395011663436889,1.0,0.9425673484802246,0,calib_05,stream,calibration,170.70000000000002,960.3000000000001
d5969628-6059-4c04-b633-d9f23ca9ce1a,openseeface,1765222209880,327,1073.7603759765625,720.0,0.8388752937316895,1.0,0.9474478960037231,0,calib_05,stream,calibration,170.70000000000002,960.3000000000001
d5969628-6059-4c04-b633-d9f23ca9ce1a,openseeface,1765222209921,328,1074.9968566894531,720.0,0.8398412942886353,1.0,0.9390908479690552,0,calib_05,stream,calibration,170.70000000000002,960.3000000000001
d5969628-6059-4c04-b633-d9f23ca9ce1a,openseeface,1765222209962,329,1073.5972595214844,720.0,0.8387478590011597,1.0,0.9366836547851562,0,calib_05,stream,calibration,170.70000000000002,960.3000000000001
d5969628-6059-4c04-b633-d9f23ca9ce1a,openseeface,1765222210005,330,1073.6693420410156,720.0,0.8388041734695435,1.0,0.9360274076461792,0,calib_05,stream,calibration,170.70000000000002,960.3000000000001
d5969628-6059-4c04-b633-d9f23ca9ce1a,openseeface,1765222210046,331,1073.4332580566406,720.0,0.8386197328567504,1.0,0.938606858253479,0,calib_05,stream,calibration,170.70000000000002,960.3000000000001
d5969628-6059-4c04-b633-d9f23ca9ce1a,openseeface,1765222210088,332,1073.1748352050781,720.0,0.8384178400039672,1.0,0.9283560514450073,0,calib_05,stream,calibration,170.70000000000002,960.3000000000001
d5969628-6059-4c04-b633-d9f23ca9ce1a,openseeface,1765222210130,333,1072.7989807128906,720.0,0.8381242036819458,1.0,0.9296939373016357,0,calib_05,stream,calibration,170.70000000000002,960.3000000000001
d5969628-6059-4c04-b633-d9f23ca9ce1a,openseeface,1765222210171,334,1072.6917724609375,720.0,0.8380404472351075,1.0,0.931883692741394,0,calib_05,stream,calibration,170.70000000000002,960.3000000000001
d5969628-6059-4c04-b633-d9f23ca9ce1a,openseeface,1765222210214,335,1073.4949951171875,720.0,0.8386679649353028,1.0,0.9302598237991333,0,calib_05,stream,calibration,170.70000000000002,960.3000000000001
d5969628-6059-4c04-b633-d9f23ca9ce1a,openseeface,1765222210255,336,1073.0134582519531,720.0,0.8382917642593384,1.0,0.9281550645828247,0,calib_05,stream,calibration,170.70000000000002,960.3000000000001
d5969628-6059-4c04-b633-d9f23ca9ce1a,openseeface,1765222210296,337,1071.5084838867188,720.0,0.837116003036499,1.0,0.9281710386276245,0,calib_05,stream,calibration,170.70000000000002,960.3000000000001
d5969628-6059-4c04-b633-d9f23ca9ce1a,openseeface,1765222210339,338,1070.9962463378906,720.0,0.836715817451477,1.0,0.926838755607605,0,calib_05,stream,calibration,170.70000000000002,960.3000000000001
d5969628-6059-4c04-b633-d9f23ca9ce1a,openseeface,1765222210381,339,1072.0433654785156,720.0,0.8375338792800904,1.0,0.9273114204406738,0,calib_05,stream,calibration,170.70000000000002,960.3000000000001
d5969628-6059-4c04-b633-d9f23ca9ce1a,openseeface,1765222210424,340,1072.3820190429688,720.0,0.8377984523773194,1.0,0.9265168905258179,0,calib_05,stream,calibration,170.70000000000002,960.3000000000001
d5969628-6059-4c04-b633-d9f23ca9ce1a,openseeface,1765222210466,341,1072.7123718261719,720.0,0.8380565404891969,1.0,0.9227949380874634,0,calib_05,stream,calibration,170.70000000000002,960.3000000000001
d5969628-6059-4c04-b633-d9f23ca9ce1a,openseeface,1765222210508,342,1072.4669799804688,720.0,0.8378648281097412,1.0,0.9225783348083496,0,calib_05,stream,calibration,170.70000000000002,960.3000000000001
d5969628-6059-4c04-b633-d9f23ca9ce1a,openseeface,1765222210550,343,1074.7171020507812,720.0,0.8396227359771729,1.0,0.9205269813537598,0,calib_05,stream,calibration,170.70000000000002,960.3000000000001
d5969628-6059-4c04-b633-d9f23ca9ce1a,openseeface,1765222210592,344,1074.8641662597656,720.0,0.839737629890442,1.0,0.9212479591369629,0,calib_05,stream,calibration,170.70000000000002,960.3000000000001
d5969628-6059-4c04-b633-d9f23ca9ce1a,openseeface,1765222210634,345,1074.6957092285156,720.0,0.8396060228347779,1.0,0.9218956232070923,0,calib_05,stream,calibration,170.70000000000002,960.3000000000001
d5969628-6059-4c04-b633-d9f23ca9ce1a,openseeface,1765222210675,346,1075.0215454101562,720.0,0.8398605823516845,1.0,0.9210186004638672,0,calib_05,stream,calibration,170.70000000000002,960.3000000000001
d5969628-6059-4c04-b633-d9f23ca9ce1a,openseeface,1765222210718,347,1075.0640869140625,720.0,0.8398938179016113,1.0,0.9217773675918579,0,calib_05,stream,calibration,170.70000000000002,960.3000000000001
d5969628-6059-4c04-b633-d9f23ca9ce1a,openseeface,1765222210760,348,1074.5067138671875,720.0,0.8394583702087401,1.0,0.9225910902023315,0,calib_05,stream,calibration,170.70000000000002,960.3000000000001
d5969628-6059-4c04-b633-d9f23ca9ce1a,openseeface,1765222210803,349,1075.2664794921875,720.0,0.8400519371032715,1.0,0.9245320558547974,0,calib_05,stream,calibration,170.70000000000002,960.3000000000001
d5969628-6059-4c04-b633-d9f23ca9ce1a,openseeface,1765222210843,350,1074.2118835449219,720.0,0.8392280340194702,1.0,0.9256856441497803,0,calib_05,stream,calibration,170.70000000000002,960.3000000000001
d5969628-6059-4c04-b633-d9f23ca9ce1a,openseeface,1765222210886,351,1075.5545654296875,720.0,0.8402770042419434,1.0,0.9250614643096924,0,calib_05,stream,calibration,170.70000000000002,960.3000000000001
d5969628-6059-4c04-b633-d9f23ca9ce1a,openseeface,1765222210928,352,1075.1515197753906,720.0,0.8399621248245239,1.0,0.9269720315933228,0,calib_05,stream,calibration,170.70000000000002,960.3000000000001
d5969628-6059-4c04-b633-d9f23ca9ce1a,openseeface,1765222210970,353,1075.2872009277344,720.0,0.8400681257247924,1.0,0.9224649667739868,0,calib_05,stream,calibration,170.70000000000002,960.3000000000001
d5969628-6059-4c04-b633-d9f23ca9ce1a,openseeface,1765222211012,354,1075.0975952148438,720.0,0.8399199962615966,1.0,0.9272928237915039,0,calib_05,stream,calibration,170.70000000000002,960.3000000000001
d5969628-6059-4c04-b633-d9f23ca9ce1a,openseeface,1765222211055,355,1075.0006408691406,720.0,0.839844250679016,1.0,0.9267696142196655,0,calib_05,stream,calibration,170.70000000000002,960.3000000000001
d5969628-6059-4c04-b633-d9f23ca9ce1a,openseeface,1765222211097,356,1075.0609436035156,720.0,0.8398913621902466,1.0,0.9197049140930176,0,calib_05,stream,calibration,170.70000000000002,960.3000000000001
d5969628-6059-4c04-b633-d9f23ca9ce1a,openseeface,1765222211138,357,1075.9967346191406,720.0,0.8406224489212035,1.0,0.9233996868133545,0,calib_05,stream,calibration,170.70000000000002,960.3000000000001
d5969628-6059-4c04-b633-d9f23ca9ce1a,openseeface,1765222211181,358,1075.7692260742188,720.0,0.8404447078704833,1.0,0.933292031288147,0,calib_05,stream,calibration,,
d5969628-6059-4c04-b633-d9f23ca9ce1a,openseeface,1765222211223,359,1075.5841064453125,720.0,0.8403000831604004,1.0,0.9228229522705078,0,calib_05,stream,calibration,,
d5969628-6059-4c04-b633-d9f23ca9ce1a,openseeface,1765222211264,360,1075.6734619140625,720.0,0.8403698921203613,1.0,0.9247050285339355,0,calib_05,stream,calibration,,
d5969628-6059-4c04-b633-d9f23ca9ce1a,openseeface,1765222211306,361,1074.3467712402344,720.0,0.8393334150314331,1.0,0.9365171194076538,0,calib_05,stream,calibration,,
d5969628-6059-4c04-b633-d9f23ca9ce1a,openseeface,1765222211347,362,1075.9007263183594,720.0,0.8405474424362183,1.0,0.926810622215271,0,calib_05,stream,calibration,,
d5969628-6059-4c04-b633-d9f23ca9ce1a,openseeface,1765222211390,363,1074.9131774902344,720.0,0.8397759199142456,1.0,0.9315615892410278,0,calib_05,stream,calibration,,
d5969628-6059-4c04-b633-d9f23ca9ce1a,openseeface,1765222211431,364,1075.4997863769531,720.0,0.8402342081069947,1.0,0.9287182092666626,0,calib_05,stream,calibration,,
d5969628-6059-4c04-b633-d9f23ca9ce1a,openseeface,1765222211475,365,1073.7567138671875,720.0,0.8388724327087402,1.0,0.9349720478057861,0,calib_05_retry,stream,calibration,170.70000000000002,960.3000000000001
d5969628-6059-4c04-b633-d9f23ca9ce1a,openseeface,1765222211516,366,1074.84716796875,720.0,0.839724349975586,1.0,0.9226813316345215,0,calib_05_retry,stream,calibration,170.70000000000002,960.3000000000001
d5969628-6059-4c04-b633-d9f23ca9ce1a,openseeface,1765222211568,367,1073.1204223632812,720.0,0.8383753299713135,1.0,0.9318258762359619,0,calib_05_retry,stream,calibration,170.70000000000002,960.3000000000001
d5969628-6059-4c04-b633-d9f23ca9ce1a,openseeface,1765222211606,368,1072.4921569824219,720.0,0.837884497642517,1.0,0.9246034622192383,0,calib_05_retry,stream,calibration,170.70000000000002,960.3000000000001
d5969628-6059-4c04-b633-d9f23ca9ce1a,openseeface,1765222211649,369,1073.2893981933594,720.0,0.8385073423385621,1.0,0.9286515712738037,0,calib_05_retry,stream,calibration,170.70000000000002,960.3000000000001
d5969628-6059-4c04-b633-d9f23ca9ce1a,openseeface,1765222211693,370,1073.3021545410156,720.0,0.8385173082351685,1.0,0.9359527826309204,0,calib_05_retry,stream,calibration,170.70000000000002,960.3000000000001
d5969628-6059-4c04-b633-d9f23ca9ce1a,openseeface,1765222211733,371,1073.7249145507812,720.0,0.8388475894927978,1.0,0.936095118522644,0,calib_05_retry,stream,calibration,170.70000000000002,960.3000000000001
d5969628-6059-4c04-b633-d9f23ca9ce1a,openseeface,1765222211782,372,1072.6397094726562,720.0,0.8379997730255127,1.0,0.9323184490203857,0,calib_05_retry,stream,calibration,170.70000000000002,960.3000000000001
d5969628-6059-4c04-b633-d9f23ca9ce1a,openseeface,1765222211820,373,1072.7327575683594,720.0,0.8380724668502808,1.0,0.9308230876922607,0,calib_05_retry,stream,calibration,170.70000000000002,960.3000000000001
d5969628-6059-4c04-b633-d9f23ca9ce1a,openseeface,1765222211861,374,1073.4205932617188,720.0,0.8386098384857177,1.0,0.9269038438796997,0,calib_05_retry,stream,calibration,170.70000000000002,960.3000000000001
d5969628-6059-4c04-b633-d9f23ca9ce1a,openseeface,1765222211902,375,1072.4686889648438,720.0,0.8378661632537843,1.0,0.9253114461898804,0,calib_05_retry,stream,calibration,170.70000000000002,960.3000000000001
d5969628-6059-4c04-b633-d9f23ca9ce1a,openseeface,1765222211944,376,1072.4211120605469,720.0,0.8378289937973022,1.0,0.9221535921096802,0,calib_05_retry,stream,calibration,170.70000000000002,960.3000000000001
d5969628-6059-4c04-b633-d9f23ca9ce1a,openseeface,1765222211986,377,1071.5118408203125,720.0,0.8371186256408691,1.0,0.919498085975647,0,calib_05_retry,stream,calibration,170.70000000000002,960.3000000000001
d5969628-6059-4c04-b633-d9f23ca9ce1a,openseeface,1765222212028,378,1070.8127746582031,720.0,0.8365724802017211,1.0,0.9213860034942627,0,calib_05_retry,stream,calibration,170.70000000000002,960.3000000000001
d5969628-6059-4c04-b633-d9f23ca9ce1a,openseeface,1765222212069,379,1070.2312622070312,720.0,0.8361181735992431,1.0,0.9216692447662354,0,calib_05_retry,stream,calibration,170.70000000000002,960.3000000000001
d5969628-6059-4c04-b633-d9f23ca9ce1a,openseeface,1765222212112,380,1068.7002868652344,720.0,0.8349220991134643,1.0,0.9270597696304321,0,calib_05_retry,stream,calibration,170.70000000000002,960.3000000000001
d5969628-6059-4c04-b633-d9f23ca9ce1a,openseeface,1765222212155,381,1068.6400451660156,720.0,0.8348750352859498,1.0,0.9258458614349365,0,calib_05_retry,stream,calibration,170.70000000000002,960.3000000000001
d5969628-6059-4c04-b633-d9f23ca9ce1a,openseeface,1765222212196,382,1068.7959594726562,720.0,0.8349968433380126,1.0,0.9257521629333496,0,calib_05_retry,stream,calibration,170.70000000000002,960.3000000000001
d5969628-6059-4c04-b633-d9f23ca9ce1a,openseeface,1765222212237,383,1068.8096008300781,720.0,0.8350075006484985,1.0,0.9295815229415894,0,calib_05_retry,stream,calibration,170.70000000000002,960.3000000000001
d5969628-6059-4c04-b633-d9f23ca9ce1a,openseeface,1765222212281,384,1068.5756225585938,720.0,0.8348247051239013,1.0,0.9311676025390625,0,calib_05_retry,stream,calibration,170.70000000000002,960.3000000000001
d5969628-6059-4c04-b633-d9f23ca9ce1a,openseeface,1765222212322,385,1068.8574523925781,720.0,0.8350448846817016,1.0,0.930780291557312,0,calib_05_retry,stream,calibration,170.70000000000002,960.3000000000001
d5969628-6059-4c04-b633-d9f23ca9ce1a,openseeface,1765222212364,386,1068.5447998046875,720.0,0.834800624847412,1.0,0.9313702583312988,0,calib_05_retry,stream,calibration,170.70000000000002,960.3000000000001
d5969628-6059-4c04-b633-d9f23ca9ce1a,openseeface,1765222212405,387,1068.1390380859375,720.0,0.8344836235046387,1.0,0.9247614145278931,0,calib_05_retry,stream,calibration,170.70000000000002,960.3000000000001
d5969628-6059-4c04-b633-d9f23ca9ce1a,openseeface,1765222212448,388,1067.983154296875,720.0,0.8343618392944336,1.0,0.9276708364486694,0,calib_05_retry,stream,calibration,170.70000000000002,960.3000000000001
d5969628-6059-4c04-b633-d9f23ca9ce1a,openseeface,1765222212490,389,1067.2705078125,720.0,0.8338050842285156,1.0,0.919600248336792,0,calib_05_retry,stream,calibration,170.70000000000002,960.3000000000001
d5969628-6059-4c04-b633-d9f23ca9ce1a,openseeface,1765222212531,390,1067.5660400390625,720.0,0.8340359687805177,1.0,0.9232597351074219,0,calib_05_retry,stream,calibration,170.70000000000002,960.3000000000001
d5969628-6059-4c04-b633-d9f23ca9ce1a,openseeface,1765222212573,391,1067.5361328125,720.0,0.8340126037597657,1.0,0.9244985580444336,0,calib_05_retry,stream,calibration,170.70000000000002,960.3000000000001
d5969628-6059-4c04-b633-d9f23ca9ce1a,openseeface,1765222212616,392,1066.8486022949219,720.0,0.8334754705429077,1.0,0.9220790863037109,0,calib_05_retry,stream,calibration,170.70000000000002,960.3000000000001
d5969628-6059-4c04-b633-d9f23ca9ce1a,openseeface,1765222212657,393,1067.1625671386719,720.0,0.8337207555770874,1.0,0.9222899675369263,0,calib_05_retry,stream,calibration,170.70000000000002,960.3000000000001
d5969628-6059-4c04-b633-d9f23ca9ce1a,openseeface,1765222212699,394,1066.9729614257812,720.0,0.8335726261138916,1.0,0.9222804307937622,0,calib_05_retry,stream,calibration,170.70000000000002,960.3000000000001
d5969628-6059-4c04-b633-d9f23ca9ce1a,openseeface,1765222212741,395,1067.3731384277344,720.0,0.8338852643966674,1.0,0.9163984060287476,0,calib_05_retry,stream,calibration,170.70000000000002,960.3000000000001
d5969628-6059-4c04-b633-d9f23ca9ce1a,openseeface,1765222212783,396,1065.5718078613281,720.0,0.8324779748916626,1.0,0.9206137657165527,0,calib_05_retry,stream,calibration,170.70000000000002,960.3000000000001
d5969628-6059-4c04-b633-d9f23ca9ce1a,openseeface,1765222212823,397,1066.1957702636719,720.0,0.8329654455184936,1.0,0.9266953468322754,0,calib_05_retry,stream,calibration,170.70000000000002,960.3000000000001
d5969628-6059-4c04-b633-d9f23ca9ce1a,openseeface,1765222212866,398,1066.0715026855469,720.0,0.8328683614730834,1.0,0.9283461570739746,0,calib_05_retry,stream,calibration,170.70000000000002,960.3000000000001
d5969628-6059-4c04-b633-d9f23ca9ce1a,openseeface,1765222212909,399,1066.2515563964844,720.0,0.8330090284347533,1.0,0.9309340715408325,0,calib_05_retry,stream,calibration,170.70000000000002,960.3000000000001
d5969628-6059-4c04-b633-d9f23ca9ce1a,openseeface,1765222212950,400,1065.9741821289062,720.0,0.832792329788208,1.0,0.9288338422775269,0,calib_05_retry,stream,calibration,,
d5969628-6059-4c04-b633-d9f23ca9ce1a,openseeface,1765222212993,401,1066.4842529296875,720.0,0.8331908226013183,1.0,0.9368505477905273,0,calib_05_retry,stream,calibration,,
d5969628-6059-4c04-b633-d9f23ca9ce1a,openseeface,1765222213035,402,1066.0130615234375,720.0,0.8328227043151855,1.0,0.9308936595916748,0,calib_05_retry,stream,calibration,,
d5969628-6059-4c04-b633-d9f23ca9ce1a,openseeface,1765222213076,403,1066.882568359375,720.0,0.8335020065307617,1.0,0.9321835041046143,0,calib_05_retry,stream,calibration,,
d5969628-6059-4c04-b633-d9f23ca9ce1a,openseeface,1765222213120,404,1066.7188720703125,720.0,0.8333741188049317,1.0,0.9322527647018433,0,calib_05_retry,stream,calibration,,
d5969628-6059-4c04-b633-d9f23ca9ce1a,openseeface,1765222213161,405,1066.3127136230469,720.0,0.8330568075180054,1.0,0.9324337244033813,0,calib_05_retry,stream,calibration,,
d5969628-6059-4c04-b633-d9f23ca9ce1a,openseeface,1765222213202,406,1066.6071472167969,720.0,0.8332868337631225,1.0,0.9316575527191162,0,calib_05_retry,stream,calibration,,
d5969628-6059-4c04-b633-d9f23ca9ce1a,openseeface,1765222213244,407,1066.4919128417969,720.0,0.8331968069076539,1.0,0.9322807788848877,0,calib_05_retry,stream,calibration,,
d5969628-6059-4c04-b633-d9f23ca9ce1a,openseeface,1765222213287,408,1066.2820739746094,720.0,0.8330328702926635,1.0,0.9325690269470215,0,calib_06,stream,calibration,853.5,106.7
d5969628-6059-4c04-b633-d9f23ca9ce1a,openseeface,1765222213329,409,1067.2986450195312,720.0,0.8338270664215088,1.0,0.9295278787612915,0,calib_06,stream,calibration,853.5,106.7
d5969628-6059-4c04-b633-d9f23ca9ce1a,openseeface,1765222213370,410,1074.3914489746094,720.0,0.8393683195114137,1.0,0.9299092292785645,0,calib_06,stream,calibration,853.5,106.7
d5969628-6059-4c04-b633-d9f23ca9ce1a,openseeface,1765222213412,411,1075.2358703613281,720.0,0.8400280237197877,1.0,0.9305963516235352,0,calib_06,stream,calibration,853.5,106.7
d5969628-6059-4c04-b633-d9f23ca9ce1a,openseeface,1765222213454,412,1075.8275451660156,720.0,0.8404902696609498,1.0,0.9299144744873047,0,calib_06,stream,calibration,853.5,106.7
d5969628-6059-4c04-b633-d9f23ca9ce1a,openseeface,1765222213496,413,1076.0588684082031,720.0,0.8406709909439087,1.0,0.9276319742202759,0,calib_06,stream,calibration,853.5,106.7
d5969628-6059-4c04-b633-d9f23ca9ce1a,openseeface,1765222213537,414,1078.6267700195312,720.0,0.8426771640777588,1.0,0.9262945652008057,0,calib_06,stream,calibration,853.5,106.7
d5969628-6059-4c04-b633-d9f23ca9ce1a,openseeface,1765222213579,415,1079.3773803710938,720.0,0.843263578414917,1.0,0.9255220890045166,0,calib_06,stream,calibration,853.5,106.7
d5969628-6059-4c04-b633-d9f23ca9ce1a,openseeface,1765222213622,416,1079.7767028808594,720.0,0.8435755491256713,1.0,0.9260519742965698,0,calib_06,stream,calibration,853.5,106.7
d5969628-6059-4c04-b633-d9f23ca9ce1a,openseeface,1765222213664,417,1080.4386901855469,720.0,0.8440927267074585,1.0,0.9345026016235352,0,calib_06,stream,calibration,853.5,106.7
d5969628-6059-4c04-b633-d9f23ca9ce1a,openseeface,1765222213706,418,1080.5056762695312,720.0,0.8441450595855713,1.0,0.9289282560348511,0,calib_06,stream,calibration,853.5,106.7
d5969628-6059-4c04-b633-d9f23ca9ce1a,openseeface,1765222213747,419,1081.2440490722656,720.0,0.8447219133377075,1.0,0.9335887432098389,0,calib_06,stream,calibration,853.5,106.7
d5969628-6059-4c04-b633-d9f23ca9ce1a,openseeface,1765222213790,420,1081.8850708007812,720.0,0.8452227115631104,1.0,0.9302648305892944,0,calib_06,stream,calibration,853.5,106.7
d5969628-6059-4c04-b633-d9f23ca9ce1a,openseeface,1765222213832,421,1082.4833984375,720.0,0.8456901550292968,1.0,0.9305452108383179,0,calib_06,stream,calibration,853.5,106.7
d5969628-6059-4c04-b633-d9f23ca9ce1a,openseeface,1765222213874,422,1083.4012756347656,720.0,0.8464072465896606,1.0,0.9307349920272827,0,calib_06,stream,calibration,853.5,106.7
d5969628-6059-4c04-b633-d9f23ca9ce1a,openseeface,1765222213917,423,1084.057861328125,720.0,0.8469202041625976,1.0,0.9335609674453735,0,calib_06,stream,calibration,853.5,106.7
d5969628-6059-4c04-b633-d9f23ca9ce1a,openseeface,1765222213958,424,1084.3898315429688,720.0,0.8471795558929442,1.0,0.928638219833374,0,calib_06,stream,calibration,853.5,106.7
d5969628-6059-4c04-b633-d9f23ca9ce1a,openseeface,1765222214000,425,1085.3844604492188,720.0,0.8479566097259521,1.0,0.9259583950042725,0,calib_06,stream,calibration,853.5,106.7
d5969628-6059-4c04-b633-d9f23ca9ce1a,openseeface,1765222214042,426,1085.6369018554688,720.0,0.848153829574585,1.0,0.9263817071914673,0,calib_06,stream,calibration,853.5,106.7
d5969628-6059-4c04-b633-d9f23ca9ce1a,openseeface,1765222214084,427,1085.5802917480469,720.0,0.8481096029281616,1.0,0.9234291315078735,0,calib_06,stream,calibration,853.5,106.7
d5969628-6059-4c04-b633-d9f23ca9ce1a,openseeface,1765222214125,428,1085.8861389160156,720.0,0.8483485460281373,1.0,0.9172376394271851,0,calib_06,stream,calibration,853.5,106.7
d5969628-6059-4c04-b633-d9f23ca9ce1a,openseeface,1765222214168,429,1087.0458679199219,720.0,0.849254584312439,1.0,0.9154394865036011,0,calib_06,stream,calibration,853.5,106.7
d5969628-6059-4c04-b633-d9f23ca9ce1a,openseeface,1765222214209,430,1088.4023742675781,720.0,0.8503143548965455,1.0,0.9160996675491333,0,calib_06,stream,calibration,853.5,106.7
d5969628-6059-4c04-b633-d9f23ca9ce1a,openseeface,1765222214251,431,1088.8431091308594,720.0,0.8506586790084838,1.0,0.9187955856323242,0,calib_06,stream,calibration,853.5,106.7
d5969628-6059-4c04-b633-d9f23ca9ce1a,openseeface,1765222214293,432,1089.3360595703125,720.0,0.8510437965393067,1.0,0.9219775199890137,0,calib_06,stream,calibration,853.5,106.7
d5969628-6059-4c04-b633-d9f23ca9ce1a,openseeface,1765222214335,433,1089.6777038574219,720.0,0.8513107061386109,1.0,0.915183424949646,0,calib_06,stream,calibration,853.5,106.7
d5969628-6059-4c04-b633-d9f23ca9ce1a,openseeface,1765222214377,434,1089.2095642089844,720.0,0.8509449720382691,1.0,0.9185951948165894,0,calib_06,stream,calibration,853.5,106.7
d5969628-6059-4c04-b633-d9f23ca9ce1a,openseeface,1765222214418,435,1091.6411743164062,720.0,0.8528446674346923,1.0,0.9193421602249146,0,calib_06,stream,calibration,853.5,106.7
d5969628-6059-4c04-b633-d9f23ca9ce1a,openseeface,1765222214460,436,1091.226806640625,720.0,0.8525209426879883,1.0,0.9157902002334595,0,calib_06,stream,calibration,853.5,106.7
d5969628-6059-4c04-b633-d9f23ca9ce1a,openseeface,1765222214503,437,1091.5516662597656,720.0,0.8527747392654419,1.0,0.9212703704833984,0,calib_06,stream,calibration,853.5,106.7
d5969628-6059-4c04-b633-d9f23ca9ce1a,openseeface,1765222214545,438,1093.7846984863281,720.0,0.8545192956924439,1.0,0.9214487075805664,0,calib_06,stream,calibration,853.5,106.7
d5969628-6059-4c04-b633-d9f23ca9ce1a,openseeface,1765222214588,439,1095.1695251464844,720.0,0.8556011915206909,1.0,0.9147369861602783,0,calib_06,stream,calibration,853.5,106.7
d5969628-6059-4c04-b633-d9f23ca9ce1a,openseeface,1765222214629,440,1095.5245971679688,720.0,0.8558785915374756,1.0,0.9132177829742432,0,calib_06,stream,calibration,853.5,106.7
d5969628-6059-4c04-b633-d9f23ca9ce1a,openseeface,1765222214671,441,1095.6278686523438,720.0,0.8559592723846436,1.0,0.9187189340591431,0,calib_06,stream,calibration,853.5,106.7
d5969628-6059-4c04-b633-d9f23ca9ce1a,openseeface,1765222214713,442,1095.9341125488281,720.0,0.8561985254287721,1.0,0.9155951738357544,0,calib_06,stream,calibration,853.5,106.7
d5969628-6059-4c04-b633-d9f23ca9ce1a,openseeface,1765222214755,443,1096.2417297363281,720.0,0.8564388513565064,1.0,0.9150040149688721,0,calib_06,stream,calibration,853.5,106.7
d5969628-6059-4c04-b633-d9f23ca9ce1a,openseeface,1765222214797,444,1096.5265502929688,720.0,0.8566613674163819,1.0,0.9155293703079224,0,calib_06,stream,calibration,,
d5969628-6059-4c04-b633-d9f23ca9ce1a,openseeface,1765222214839,445,1096.4400024414062,720.0,0.8565937519073485,1.0,0.9154766798019409,0,calib_06,stream,calibration,,
d5969628-6059-4c04-b633-d9f23ca9ce1a,openseeface,1765222214881,446,1096.3421325683594,720.0,0.8565172910690309,1.0,0.9157402515411377,0,calib_06,stream,calibration,,
d5969628-6059-4c04-b633-d9f23ca9ce1a,openseeface,1765222214922,447,1096.599853515625,720.0,0.8567186355590821,1.0,0.9115684032440186,0,calib_06,stream,calibration,,
d5969628-6059-4c04-b633-d9f23ca9ce1a,openseeface,1765222214964,448,1096.7852172851562,720.0,0.8568634510040283,1.0,0.911288857460022,0,calib_06,stream,calibration,,
d5969628-6059-4c04-b633-d9f23ca9ce1a,openseeface,1765222215006,449,1096.8165283203125,720.0,0.8568879127502442,1.0,0.9121043682098389,0,calib_06,stream,calibration,,
d5969628-6059-4c04-b633-d9f23ca9ce1a,openseeface,1765222215049,450,1098.5947265625,720.0,0.8582771301269532,1.0,0.913292407989502,0,calib_06,stream,calibration,,
d5969628-6059-4c04-b633-d9f23ca9ce1a,openseeface,1765222215091,451,1098.8778381347656,720.0,0.8584983110427857,1.0,0.9146122932434082,0,calib_06_retry,stream,calibration,853.5,106.7
d5969628-6059-4c04-b633-d9f23ca9ce1a,openseeface,1765222215133,452,1099.1261901855469,720.0,0.8586923360824585,1.0,0.9159797430038452,0,calib_06_retry,stream,calibration,853.5,106.7
d5969628-6059-4c04-b633-d9f23ca9ce1a,openseeface,1765222215175,453,1099.2494506835938,720.0,0.8587886333465575,1.0,0.9156900644302368,0,calib_06_retry,stream,calibration,853.5,106.7
d5969628-6059-4c04-b633-d9f23ca9ce1a,openseeface,1765222215217,454,1099.4545288085938,720.0,0.8589488506317138,1.0,0.9196622371673584,0,calib_06_retry,stream,calibration,853.5,106.7
d5969628-6059-4c04-b633-d9f23ca9ce1a,openseeface,1765222215259,455,1099.9804992675781,720.0,0.8593597650527953,1.0,0.9113061428070068,0,calib_06_retry,stream,calibration,853.5,106.7
d5969628-6059-4c04-b633-d9f23ca9ce1a,openseeface,1765222215301,456,1099.8753662109375,720.0,0.8592776298522948,1.0,0.9124172925949097,0,calib_06_retry,stream,calibration,853.5,106.7
d5969628-6059-4c04-b633-d9f23ca9ce1a,openseeface,1765222215343,457,1098.8038024902344,720.0,0.8584404706954956,1.0,0.9160394668579102,0,calib_06_retry,stream,calibration,853.5,106.7
d5969628-6059-4c04-b633-d9f23ca9ce1a,openseeface,1765222215385,458,1098.1151123046875,720.0,0.857902431488037,1.0,0.9165252447128296,0,calib_06_retry,stream,calibration,853.5,106.7
d5969628-6059-4c04-b633-d9f23ca9ce1a,openseeface,1765222215427,459,1098.0570983886719,720.0,0.8578571081161499,1.0,0.9147762060165405,0,calib_06_retry,stream,calibration,853.5,106.7
d5969628-6059-4c04-b633-d9f23ca9ce1a,openseeface,1765222215468,460,1097.1010131835938,720.0,0.8571101665496825,1.0,0.9170465469360352,0,calib_06_retry,stream,calibration,853.5,106.7
d5969628-6059-4c04-b633-d9f23ca9ce1a,openseeface,1765222215511,461,1097.8878784179688,720.0,0.8577249050140381,1.0,0.9190928936004639,0,calib_06_retry,stream,calibration,853.5,106.7
d5969628-6059-4c04-b633-d9f23ca9ce1a,openseeface,1765222215553,462,1097.8952331542969,720.0,0.8577306509017943,1.0,0.9160013198852539,0,calib_06_retry,stream,calibration,853.5,106.7
d5969628-6059-4c04-b633-d9f23ca9ce1a,openseeface,1765222215595,463,1098.4869079589844,720.0,0.8581928968429566,1.0,0.9109445810317993,0,calib_06_retry,stream,calibration,853.5,106.7
d5969628-6059-4c04-b633-d9f23ca9ce1a,openseeface,1765222215637,464,1098.3365478515625,720.0,0.8580754280090332,1.0,0.9118621349334717,0,calib_06_retry,stream,calibration,853.5,106.7
d5969628-6059-4c04-b633-d9f23ca9ce1a,openseeface,1765222215679,465,1098.60888671875,720.0,0.8582881927490233,1.0,0.9094188213348389,0,calib_06_retry,stream,calibration,853.5,106.7
d5969628-6059-4c04-b633-d9f23ca9ce1a,openseeface,1765222215722,466,1098.478271484375,720.0,0.8581861495971679,1.0,0.9084761142730713,0,calib_06_retry,stream,calibration,853.5,106.7
d5969628-6059-4c04-b633-d9f23ca9ce1a,openseeface,1765222215764,467,1098.1247863769531,720.0,0.8579099893569946,1.0,0.906302809715271,0,calib_06_retry,stream,calibration,853.5,106.7
d5969628-6059-4c04-b633-d9f23ca9ce1a,openseeface,1765222215805,468,1098.2141723632812,720.0,0.8579798221588135,1.0,0.9062618017196655,0,calib_06_retry,stream,calibration,853.5,106.7
d5969628-6059-4c04-b633-d9f23ca9ce1a,openseeface,1765222215848,469,1097.75634765625,720.0,0.8576221466064453,1.0,0.9040422439575195,0,calib_06_retry,stream,calibration,853.5,106.7
d5969628-6059-4c04-b633-d9f23ca9ce1a,openseeface,1765222215890,470,1098.0679931640625,720.0,0.8578656196594239,1.0,0.9127522706985474,0,calib_06_retry,stream,calibration,853.5,106.7
d5969628-6059-4c04-b633-d9f23ca9ce1a,openseeface,1765222215932,471,1098.0149536132812,720.0,0.8578241825103761,1.0,0.9114173650741577,0,calib_06_retry,stream,calibration,853.5,106.7
d5969628-6059-4c04-b633-d9f23ca9ce1a,openseeface,1765222215974,472,1097.2934875488281,720.0,0.8572605371475219,1.0,0.910366415977478,0,calib_06_retry,stream,calibration,853.5,106.7
d5969628-6059-4c04-b633-d9f23ca9ce1a,openseeface,1765222216016,473,1094.1441955566406,720.0,0.8548001527786255,1.0,0.9092028141021729,0,calib_06_retry,stream,calibration,853.5,106.7
d5969628-6059-4c04-b633-d9f23ca9ce1a,openseeface,1765222216058,474,1093.9783325195312,720.0,0.8546705722808838,1.0,0.9068470001220703,0,calib_06_retry,stream,calibration,853.5,106.7
d5969628-6059-4c04-b633-d9f23ca9ce1a,openseeface,1765222216099,475,1090.2301025390625,720.0,0.8517422676086426,1.0,0.9061062335968018,0,calib_06_retry,stream,calibration,853.5,106.7
d5969628-6059-4c04-b633-d9f23ca9ce1a,openseeface,1765222216142,476,1091.5283203125,720.0,0.8527565002441406,1.0,0.9104682207107544,0,calib_06_retry,stream,calibration,853.5,106.7
d5969628-6059-4c04-b633-d9f23ca9ce1a,openseeface,1765222216184,477,1091.7509460449219,720.0,0.8529304265975952,1.0,0.9115865230560303,0,calib_06_retry,stream,calibration,853.5,106.7
d5969628-6059-4c04-b633-d9f23ca9ce1a,openseeface,1765222216225,478,1092.3391723632812,720.0,0.8533899784088135,1.0,0.9082856178283691,0,calib_06_retry,stream,calibration,853.5,106.7
d5969628-6059-4c04-b633-d9f23ca9ce1a,openseeface,1765222216267,479,1092.6297912597656,720.0,0.8536170244216919,1.0,0.9068353176116943,0,calib_06_retry,stream,calibration,853.5,106.7
d5969628-6059-4c04-b633-d9f23ca9ce1a,openseeface,1765222216309,480,1094.1669921875,720.0,0.8548179626464845,1.0,0.9087848663330078,0,calib_06_retry,stream,calibration,853.5,106.7
d5969628-6059-4c04-b633-d9f23ca9ce1a,openseeface,1765222216352,481,1094.3064880371094,720.0,0.8549269437789917,1.0,0.9071787595748901,0,calib_06_retry,stream,calibration,853.5,106.7
d5969628-6059-4c04-b633-d9f23ca9ce1a,openseeface,1765222216392,482,1094.3028259277344,720.0,0.8549240827560425,1.0,0.9088916778564453,0,calib_06_retry,stream,calibration,853.5,106.7
d5969628-6059-4c04-b633-d9f23ca9ce1a,openseeface,1765222216435,483,1094.2214050292969,720.0,0.8548604726791382,1.0,0.9072242975234985,0,calib_06_retry,stream,calibration,853.5,106.7
d5969628-6059-4c04-b633-d9f23ca9ce1a,openseeface,1765222216476,484,1094.0564270019531,720.0,0.8547315835952758,1.0,0.9048590660095215,0,calib_06_retry,stream,calibration,853.5,106.7
d5969628-6059-4c04-b633-d9f23ca9ce1a,openseeface,1765222216519,485,1094.279052734375,720.0,0.8549055099487304,1.0,0.9070167541503906,0,calib_06_retry,stream,calibration,853.5,106.7
d5969628-6059-4c04-b633-d9f23ca9ce1a,openseeface,1765222216562,486,1093.85498046875,720.0,0.8545742034912109,1.0,0.9044761657714844,0,calib_06_retry,stream,calibration,853.5,106.7
d5969628-6059-4c04-b633-d9f23ca9ce1a,openseeface,1765222216603,487,1094.7514953613281,720.0,0.8552746057510376,1.0,0.9077249765396118,0,calib_06_retry,stream,calibration,,
d5969628-6059-4c04-b633-d9f23ca9ce1a,openseeface,1765222216645,488,1095.0131530761719,720.0,0.8554790258407592,1.0,0.9074795246124268,0,calib_06_retry,stream,calibration,,
d5969628-6059-4c04-b633-d9f23ca9ce1a,openseeface,1765222216686,489,1095.3531799316406,720.0,0.8557446718215942,1.0,0.9053703546524048,0,calib_06_retry,stream,calibration,,
d5969628-6059-4c04-b633-d9f23ca9ce1a,openseeface,1765222216728,490,1094.5774536132812,720.0,0.8551386356353761,1.0,0.904831051826477,0,calib_06_retry,stream,calibration,,
d5969628-6059-4c04-b633-d9f23ca9ce1a,openseeface,1765222216771,491,1094.7212219238281,720.0,0.8552509546279907,1.0,0.9097191095352173,0,calib_06_retry,stream,calibration,,
d5969628-6059-4c04-b633-d9f23ca9ce1a,openseeface,1765222216813,492,1095.1492309570312,720.0,0.8555853366851807,1.0,0.90906822681427,0,calib_06_retry,stream,calibration,,
d5969628-6059-4c04-b633-d9f23ca9ce1a,openseeface,1765222216855,493,1094.5496215820312,720.0,0.855116891860962,1.0,0.9071618318557739,0,calib_06_retry,stream,calibration,,
d5969628-6059-4c04-b633-d9f23ca9ce1a,openseeface,1765222216898,494,1094.161376953125,720.0,0.8548135757446289,1.0,0.907213568687439,0,calib_07,stream,calibration,1536.3,533.5
d5969628-6059-4c04-b633-d9f23ca9ce1a,openseeface,1765222216939,495,1094.7096557617188,720.0,0.8552419185638427,1.0,0.9103089570999146,0,calib_07,stream,calibration,1536.3,533.5
d5969628-6059-4c04-b633-d9f23ca9ce1a,openseeface,1765222216981,496,1094.5603332519531,720.0,0.8551252603530883,1.0,0.9077004194259644,0,calib_07,stream,calibration,1536.3,533.5
d5969628-6059-4c04-b633-d9f23ca9ce1a,openseeface,1765222217022,497,1094.6505737304688,720.0,0.8551957607269287,1.0,0.9073268175125122,0,calib_07,stream,calibration,1536.3,533.5
d5969628-6059-4c04-b633-d9f23ca9ce1a,openseeface,1765222217063,498,1094.5453491210938,720.0,0.8551135540008545,1.0,0.9065203666687012,0,calib_07,stream,calibration,1536.3,533.5
d5969628-6059-4c04-b633-d9f23ca9ce1a,openseeface,1765222217107,499,1092.5068359375,720.0,0.853520965576172,1.0,0.9081394672393799,0,calib_07,stream,calibration,1536.3,533.5
d5969628-6059-4c04-b633-d9f23ca9ce1a,openseeface,1765222217149,500,1088.5742492675781,720.0,0.8504486322402953,1.0,0.9039211273193359,0,calib_07,stream,calibration,1536.3,533.5
d5969628-6059-4c04-b633-d9f23ca9ce1a,openseeface,1765222217191,501,1089.5575561523438,720.0,0.8512168407440186,1.0,0.9071861505508423,0,calib_07,stream,calibration,1536.3,533.5
d5969628-6059-4c04-b633-d9f23ca9ce1a,openseeface,1765222217233,502,1089.7188415527344,720.0,0.8513428449630738,1.0,0.9101117849349976,0,calib_07,stream,calibration,1536.3,533.5
d5969628-6059-4c04-b633-d9f23ca9ce1a,openseeface,1765222217274,503,1090.8546752929688,720.0,0.8522302150726317,1.0,0.9057979583740234,0,calib_07,stream,calibration,1536.3,533.5
d5969628-6059-4c04-b633-d9f23ca9ce1a,openseeface,1765222217316,504,1090.6929321289062,720.0,0.8521038532257079,1.0,0.9049437046051025,0,calib_07,stream,calibration,1536.3,533.5
d5969628-6059-4c04-b633-d9f23ca9ce1a,openseeface,1765222217360,505,1089.9390563964844,720.0,0.8515148878097534,1.0,0.9162824153900146,0,calib_07,stream,calibration,1536.3,533.5
d5969628-6059-4c04-b633-d9f23ca9ce1a,openseeface,1765222217401,506,1089.7557983398438,720.0,0.8513717174530029,1.0,0.9089833498001099,0,calib_07,stream,calibration,1536.3,533.5
d5969628-6059-4c04-b633-d9f23ca9ce1a,openseeface,1765222217442,507,1087.9935302734375,720.0,0.8499949455261231,1.0,0.9173203706741333,0,calib_07,stream,calibration,1536.3,533.5
d5969628-6059-4c04-b633-d9f23ca9ce1a,openseeface,1765222217484,508,1085.3076171875,720.0,0.8478965759277344,1.0,0.9118161201477051,0,calib_07,stream,calibration,1536.3,533.5
d5969628-6059-4c04-b633-d9f23ca9ce1a,openseeface,1765222217527,509,1085.4515686035156,720.0,0.8480090379714966,1.0,0.9134808778762817,0,calib_07,stream,calibration,1536.3,533.5
d5969628-6059-4c04-b633-d9f23ca9ce1a,openseeface,1765222217568,510,1085.5638427734375,720.0,0.848096752166748,1.0,0.9138296842575073,0,calib_07,stream,calibration,1536.3,533.5
d5969628-6059-4c04-b633-d9f23ca9ce1a,openseeface,1765222217611,511,1083.1069030761719,720.0,0.8461772680282593,1.0,0.9055358171463013,0,calib_07,stream,calibration,1536.3,533.5
d5969628-6059-4c04-b633-d9f23ca9ce1a,openseeface,1765222217653,512,1083.0464782714844,720.0,0.8461300611495972,1.0,0.9163163900375366,0,calib_07,stream,calibration,1536.3,533.5
d5969628-6059-4c04-b633-d9f23ca9ce1a,openseeface,1765222217695,513,1085.0248718261719,720.0,0.8476756811141968,1.0,0.9106996059417725,0,calib_07,stream,calibration,1536.3,533.5
d5969628-6059-4c04-b633-d9f23ca9ce1a,openseeface,1765222217738,514,1084.6296997070312,720.0,0.8473669528961181,1.0,0.9186755418777466,0,calib_07,stream,calibration,1536.3,533.5
d5969628-6059-4c04-b633-d9f23ca9ce1a,openseeface,1765222217779,515,1083.4465637207031,720.0,0.8464426279067994,1.0,0.9182974100112915,0,calib_07,stream,calibration,1536.3,533.5
d5969628-6059-4c04-b633-d9f23ca9ce1a,openseeface,1765222217821,516,1081.4273376464844,720.0,0.8448651075363158,1.0,0.9174394607543945,0,calib_07,stream,calibration,1536.3,533.5
d5969628-6059-4c04-b633-d9f23ca9ce1a,openseeface,1765222217862,517,1079.8250122070312,720.0,0.8436132907867431,1.0,0.918904185295105,0,calib_07,stream,calibration,1536.3,533.5
d5969628-6059-4c04-b633-d9f23ca9ce1a,openseeface,1765222217905,518,1081.1292724609375,720.0,0.8446322441101075,1.0,0.9228576421737671,0,calib_07,stream,calibration,1536.3,533.5
d5969628-6059-4c04-b633-d9f23ca9ce1a,openseeface,1765222217947,519,1082.162353515625,720.0,0.8454393386840819,1.0,0.9225102663040161,0,calib_07,stream,calibration,1536.3,533.5
d5969628-6059-4c04-b633-d9f23ca9ce1a,openseeface,1765222217989,520,1082.0614929199219,720.0,0.8453605413436889,1.0,0.9224640130996704,0,calib_07,stream,calibration,1536.3,533.5
d5969628-6059-4c04-b633-d9f23ca9ce1a,openseeface,1765222218038,521,1082.8956298828125,720.0,0.8460122108459474,1.0,0.9265908002853394,0,calib_07,stream,calibration,1536.3,533.5
d5969628-6059-4c04-b633-d9f23ca9ce1a,openseeface,1765222218074,522,1082.253662109375,720.0,0.8455106735229492,1.0,0.918549656867981,0,calib_07,stream,calibration,1536.3,533.5
d5969628-6059-4c04-b633-d9f23ca9ce1a,openseeface,1765222218116,523,1082.9900207519531,720.0,0.8460859537124634,1.0,0.9193199872970581,0,calib_07,stream,calibration,1536.3,533.5
d5969628-6059-4c04-b633-d9f23ca9ce1a,openseeface,1765222218158,524,1083.3025817871094,720.0,0.8463301420211793,1.0,0.920842170715332,0,calib_07,stream,calibration,1536.3,533.5
d5969628-6059-4c04-b633-d9f23ca9ce1a,openseeface,1765222218198,525,1082.6877746582031,720.0,0.8458498239517211,1.0,0.9236923456192017,0,calib_07,stream,calibration,1536.3,533.5
d5969628-6059-4c04-b633-d9f23ca9ce1a,openseeface,1765222218240,526,1082.9868774414062,720.0,0.8460834980010987,1.0,0.9257215261459351,0,calib_07,stream,calibration,1536.3,533.5
d5969628-6059-4c04-b633-d9f23ca9ce1a,openseeface,1765222218282,527,1083.0254821777344,720.0,0.8461136579513551,1.0,0.9275716543197632,0,calib_07,stream,calibration,1536.3,533.5
d5969628-6059-4c04-b633-d9f23ca9ce1a,openseeface,1765222218325,528,1082.3146362304688,720.0,0.8455583095550536,1.0,0.917543888092041,0,calib_07,stream,calibration,1536.3,533.5
d5969628-6059-4c04-b633-d9f23ca9ce1a,openseeface,1765222218368,529,1082.7783813476562,720.0,0.8459206104278565,1.0,0.916476845741272,0,calib_07,stream,calibration,,
d5969628-6059-4c04-b633-d9f23ca9ce1a,openseeface,1765222218408,530,1080.6005859375,720.0,0.8442192077636719,1.0,0.9183167219161987,0,calib_07,stream,calibration,,
d5969628-6059-4c04-b633-d9f23ca9ce1a,openseeface,1765222218451,531,1079.1057739257812,720.0,0.8430513858795166,1.0,0.9209097623825073,0,calib_07,stream,calibration,,
d5969628-6059-4c04-b633-d9f23ca9ce1a,openseeface,1765222218493,532,1077.915283203125,720.0,0.8421213150024414,1.0,0.9234063625335693,0,calib_07,stream,calibration,,
d5969628-6059-4c04-b633-d9f23ca9ce1a,openseeface,1765222218535,533,1078.0482788085938,720.0,0.8422252178192138,1.0,0.9207158088684082,0,calib_07,stream,calibration,,
d5969628-6059-4c04-b633-d9f23ca9ce1a,openseeface,1765222218577,534,1077.0593872070312,720.0,0.8414526462554932,1.0,0.9177285432815552,0,calib_07,stream,calibration,,
d5969628-6059-4c04-b633-d9f23ca9ce1a,openseeface,1765222218619,535,1076.8562622070312,720.0,0.8412939548492431,1.0,0.9223628044128418,0,calib_07,stream,calibration,,
d5969628-6059-4c04-b633-d9f23ca9ce1a,openseeface,1765222218662,536,1074.1888732910156,720.0,0.8392100572586059,1.0,0.9269378185272217,0,calib_07,stream,calibration,,
d5969628-6059-4c04-b633-d9f23ca9ce1a,openseeface,1765222218703,537,1076.1025085449219,720.0,0.8407050848007203,1.0,0.9231564998626709,0,calib_07_retry,stream,calibration,1536.3,533.5
d5969628-6059-4c04-b633-d9f23ca9ce1a,openseeface,1765222218744,538,1073.9957275390625,720.0,0.8390591621398926,1.0,0.9258981943130493,0,calib_07_retry,stream,calibration,1536.3,533.5
d5969628-6059-4c04-b633-d9f23ca9ce1a,openseeface,1765222218786,539,1074.0609130859375,720.0,0.8391100883483886,1.0,0.9264135360717773,0,calib_07_retry,stream,calibration,1536.3,533.5
d5969628-6059-4c04-b633-d9f23ca9ce1a,openseeface,1765222218828,540,1074.37890625,720.0,0.8393585205078125,1.0,0.9285398721694946,0,calib_07_retry,stream,calibration,1536.3,533.5
d5969628-6059-4c04-b633-d9f23ca9ce1a,openseeface,1765222218869,541,1074.4944458007812,720.0,0.8394487857818604,1.0,0.9256752729415894,0,calib_07_retry,stream,calibration,1536.3,533.5
d5969628-6059-4c04-b633-d9f23ca9ce1a,openseeface,1765222218913,542,1074.7975158691406,720.0,0.8396855592727661,1.0,0.9183454513549805,0,calib_07_retry,stream,calibration,1536.3,533.5
d5969628-6059-4c04-b633-d9f23ca9ce1a,openseeface,1765222218954,543,1074.6249084472656,720.0,0.8395507097244264,1.0,0.9173424243927002,0,calib_07_retry,stream,calibration,1536.3,533.5
d5969628-6059-4c04-b633-d9f23ca9ce1a,openseeface,1765222218996,544,1073.7557678222656,720.0,0.8388716936111451,1.0,0.9176797866821289,0,calib_07_retry,stream,calibration,1536.3,533.5
d5969628-6059-4c04-b633-d9f23ca9ce1a,openseeface,1765222219038,545,1072.8367919921875,720.0,0.8381537437438964,1.0,0.9215152263641357,0,calib_07_retry,stream,calibration,1536.3,533.5
d5969628-6059-4c04-b633-d9f23ca9ce1a,openseeface,1765222219079,546,1072.707275390625,720.0,0.8380525588989258,1.0,0.9186232089996338,0,calib_07_retry,stream,calibration,1536.3,533.5
d5969628-6059-4c04-b633-d9f23ca9ce1a,openseeface,1765222219122,547,1073.3639526367188,720.0,0.8385655879974365,1.0,0.9200235605239868,0,calib_07_retry,stream,calibration,1536.3,533.5
d5969628-6059-4c04-b633-d9f23ca9ce1a,openseeface,1765222219163,548,1073.90234375,720.0,0.8389862060546875,1.0,0.9204769134521484,0,calib_07_retry,stream,calibration,1536.3,533.5
d5969628-6059-4c04-b633-d9f23ca9ce1a,openseeface,1765222219206,549,1073.2503356933594,720.0,0.8384768247604371,1.0,0.9169769287109375,0,calib_07_retry,stream,calibration,1536.3,533.5
d5969628-6059-4c04-b633-d9f23ca9ce1a,openseeface,1765222219247,550,1072.2785949707031,720.0,0.8377176523208618,1.0,0.9230375289916992,0,calib_07_retry,stream,calibration,1536.3,533.5
d5969628-6059-4c04-b633-d9f23ca9ce1a,openseeface,1765222219289,551,1072.3628234863281,720.0,0.8377834558486938,1.0,0.9219746589660645,0,calib_07_retry,stream,calibration,1536.3,533.5
d5969628-6059-4c04-b633-d9f23ca9ce1a,openseeface,1765222219331,552,1070.1890563964844,720.0,0.8360852003097534,1.0,0.9242862462997437,0,calib_07_retry,stream,calibration,1536.3,533.5
d5969628-6059-4c04-b633-d9f23ca9ce1a,openseeface,1765222219373,553,1069.6540832519531,720.0,0.8356672525405884,1.0,0.9258625507354736,0,calib_07_retry,stream,calibration,1536.3,533.5
d5969628-6059-4c04-b633-d9f23ca9ce1a,openseeface,1765222219415,554,1069.7945251464844,720.0,0.835776972770691,1.0,0.9269957542419434,0,calib_07_retry,stream,calibration,1536.3,533.5
d5969628-6059-4c04-b633-d9f23ca9ce1a,openseeface,1765222219457,555,1069.8484497070312,720.0,0.8358191013336183,1.0,0.9287573099136353,0,calib_07_retry,stream,calibration,1536.3,533.5
d5969628-6059-4c04-b633-d9f23ca9ce1a,openseeface,1765222219499,556,1070.6666259765625,720.0,0.8364583015441895,1.0,0.9260579347610474,0,calib_07_retry,stream,calibration,1536.3,533.5
d5969628-6059-4c04-b633-d9f23ca9ce1a,openseeface,1765222219541,557,1071.0011596679688,720.0,0.8367196559906005,1.0,0.9335130453109741,0,calib_07_retry,stream,calibration,1536.3,533.5
d5969628-6059-4c04-b633-d9f23ca9ce1a,openseeface,1765222219583,558,1069.6498718261719,720.0,0.8356639623641968,1.0,0.9318149089813232,0,calib_07_retry,stream,calibration,1536.3,533.5
d5969628-6059-4c04-b633-d9f23ca9ce1a,openseeface,1765222219625,559,1069.6441955566406,720.0,0.8356595277786254,1.0,0.9328460693359375,0,calib_07_retry,stream,calibration,1536.3,533.5
d5969628-6059-4c04-b633-d9f23ca9ce1a,openseeface,1765222219668,560,1069.0740051269531,720.0,0.8352140665054322,1.0,0.9323407411575317,0,calib_07_retry,stream,calibration,1536.3,533.5
d5969628-6059-4c04-b633-d9f23ca9ce1a,openseeface,1765222219711,561,1067.3158874511719,720.0,0.8338405370712281,1.0,0.9318274259567261,0,calib_07_retry,stream,calibration,1536.3,533.5
d5969628-6059-4c04-b633-d9f23ca9ce1a,openseeface,1765222219752,562,1067.2019958496094,720.0,0.8337515592575073,1.0,0.9314775466918945,0,calib_07_retry,stream,calibration,1536.3,533.5
d5969628-6059-4c04-b633-d9f23ca9ce1a,openseeface,1765222219795,563,1067.0714111328125,720.0,0.8336495399475097,1.0,0.9325093030929565,0,calib_07_retry,stream,calibration,1536.3,533.5
d5969628-6059-4c04-b633-d9f23ca9ce1a,openseeface,1765222219835,564,1069.2482604980469,720.0,0.8353502035140992,1.0,0.9313937425613403,0,calib_07_retry,stream,calibration,1536.3,533.5
d5969628-6059-4c04-b633-d9f23ca9ce1a,openseeface,1765222219878,565,1068.5973815917969,720.0,0.8348417043685914,1.0,0.9326289892196655,0,calib_07_retry,stream,calibration,1536.3,533.5
d5969628-6059-4c04-b633-d9f23ca9ce1a,openseeface,1765222219921,566,1067.7014465332031,720.0,0.8341417551040649,1.0,0.9320312738418579,0,calib_07_retry,stream,calibration,1536.3,533.5
d5969628-6059-4c04-b633-d9f23ca9ce1a,openseeface,1765222219961,567,1068.8577270507812,720.0,0.8350450992584229,1.0,0.9281973838806152,0,calib_07_retry,stream,calibration,1536.3,533.5
d5969628-6059-4c04-b633-d9f23ca9ce1a,openseeface,1765222220005,568,1068.8577270507812,720.0,0.8350450992584229,1.0,0.9281973838806152,0,calib_07_retry,stream,calibration,1536.3,533.5
d5969628-6059-4c04-b633-d9f23ca9ce1a,openseeface,1765222220046,569,1066.9107360839844,720.0,0.8335240125656127,1.0,0.92818284034729,0,calib_07_retry,stream,calibration,1536.3,533.5
d5969628-6059-4c04-b633-d9f23ca9ce1a,openseeface,1765222220088,570,1066.7443237304688,720.0,0.8333940029144287,1.0,0.9256802797317505,0,calib_07_retry,stream,calibration,1536.3,533.5
d5969628-6059-4c04-b633-d9f23ca9ce1a,openseeface,1765222220131,571,1066.2869262695312,720.0,0.8330366611480713,1.0,0.9242411851882935,0,calib_07_retry,stream,calibration,1536.3,533.5
d5969628-6059-4c04-b633-d9f23ca9ce1a,openseeface,1765222220172,572,1067.3091125488281,720.0,0.833835244178772,1.0,0.9191455841064453,0,calib_07_retry,stream,calibration,1536.3,533.5
d5969628-6059-4c04-b633-d9f23ca9ce1a,openseeface,1765222220215,573,1066.7674560546875,720.0,0.8334120750427245,1.0,0.9226367473602295,0,calib_07_retry,stream,calibration,,
d5969628-6059-4c04-b633-d9f23ca9ce1a,openseeface,1765222220257,574,1067.5741577148438,720.0,0.8340423107147217,1.0,0.9250445365905762,0,calib_07_retry,stream,calibration,,
d5969628-6059-4c04-b633-d9f23ca9ce1a,openseeface,1765222220298,575,1066.7618713378906,720.0,0.833407711982727,1.0,0.9266544580459595,0,calib_07_retry,stream,calibration,,
d5969628-6059-4c04-b633-d9f23ca9ce1a,openseeface,1765222220340,576,1066.9613342285156,720.0,0.8335635423660279,1.0,0.9265842437744141,0,calib_07_retry,stream,calibration,,
d5969628-6059-4c04-b633-d9f23ca9ce1a,openseeface,1765222220383,577,1067.8351745605469,720.0,0.8342462301254272,1.0,0.9243452548980713,0,calib_07_retry,stream,calibration,,
d5969628-6059-4c04-b633-d9f23ca9ce1a,openseeface,1765222220424,578,1067.9046325683594,720.0,0.8343004941940309,1.0,0.9222060441970825,0,calib_07_retry,stream,calibration,,
d5969628-6059-4c04-b633-d9f23ca9ce1a,openseeface,1765222220466,579,1066.5989990234375,720.0,0.8332804679870605,1.0,0.9271935224533081,0,calib_07_retry,stream,calibration,,
d5969628-6059-4c04-b633-d9f23ca9ce1a,openseeface,1765222220508,580,1067.4801635742188,720.0,0.8339688777923584,1.0,0.91652512550354,0,calib_08,stream,calibration,853.5,960.3000000000001
d5969628-6059-4c04-b633-d9f23ca9ce1a,openseeface,1765222220550,581,1066.5272521972656,720.0,0.8332244157791138,1.0,0.9259257316589355,0,calib_08,stream,calibration,853.5,960.3000000000001
d5969628-6059-4c04-b633-d9f23ca9ce1a,openseeface,1765222220592,582,1066.8901062011719,720.0,0.8335078954696655,1.0,0.9157414436340332,0,calib_08,stream,calibration,853.5,960.3000000000001
d5969628-6059-4c04-b633-d9f23ca9ce1a,openseeface,1765222220635,583,1066.1618347167969,720.0,0.8329389333724975,1.0,0.9245328903198242,0,calib_08,stream,calibration,853.5,960.3000000000001
d5969628-6059-4c04-b633-d9f23ca9ce1a,openseeface,1765222220676,584,1067.4602966308594,720.0,0.833953356742859,1.0,0.923905611038208,0,calib_08,stream,calibration,853.5,960.3000000000001
d5969628-6059-4c04-b633-d9f23ca9ce1a,openseeface,1765222220718,585,1062.8557739257812,720.0,0.8303560733795166,1.0,0.9213205575942993,0,calib_08,stream,calibration,853.5,960.3000000000001
d5969628-6059-4c04-b633-d9f23ca9ce1a,openseeface,1765222220760,586,1062.5306091308594,720.0,0.8301020383834838,1.0,0.9257717132568359,0,calib_08,stream,calibration,853.5,960.3000000000001
d5969628-6059-4c04-b633-d9f23ca9ce1a,openseeface,1765222220801,587,1061.594482421875,720.0,0.8293706893920898,1.0,0.9221549034118652,0,calib_08,stream,calibration,853.5,960.3000000000001
d5969628-6059-4c04-b633-d9f23ca9ce1a,openseeface,1765222220842,588,1062.0969848632812,720.0,0.8297632694244386,1.0,0.9222946166992188,0,calib_08,stream,calibration,853.5,960.3000000000001
d5969628-6059-4c04-b633-d9f23ca9ce1a,openseeface,1765222220886,589,1061.2135620117188,720.0,0.8290730953216552,1.0,0.9213371276855469,0,calib_08,stream,calibration,853.5,960.3000000000001
d5969628-6059-4c04-b633-d9f23ca9ce1a,openseeface,1765222220928,590,1058.8550720214844,720.0,0.8272305250167846,1.0,0.920413613319397,0,calib_08,stream,calibration,853.5,960.3000000000001
d5969628-6059-4c04-b633-d9f23ca9ce1a,openseeface,1765222220968,591,1057.9294738769531,720.0,0.8265074014663696,1.0,0.9167149066925049,0,calib_08,stream,calibration,853.5,960.3000000000001
d5969628-6059-4c04-b633-d9f23ca9ce1a,openseeface,1765222221012,592,1057.6184692382812,720.0,0.8262644290924073,1.0,0.915158748626709,0,calib_08,stream,calibration,853.5,960.3000000000001
d5969628-6059-4c04-b633-d9f23ca9ce1a,openseeface,1765222221054,593,1057.398681640625,720.0,0.8260927200317383,1.0,0.9139251708984375,0,calib_08,stream,calibration,853.5,960.3000000000001
d5969628-6059-4c04-b633-d9f23ca9ce1a,openseeface,1765222221096,594,1057.5034484863281,720.0,0.8261745691299438,1.0,0.9128663539886475,0,calib_08,stream,calibration,853.5,960.3000000000001
d5969628-6059-4c04-b633-d9f23ca9ce1a,openseeface,1765222221138,595,1057.1871643066406,720.0,0.8259274721145631,1.0,0.9117101430892944,0,calib_08,stream,calibration,853.5,960.3000000000001
d5969628-6059-4c04-b633-d9f23ca9ce1a,openseeface,1765222221179,596,1057.2435913085938,720.0,0.8259715557098388,1.0,0.9134794473648071,0,calib_08,stream,calibration,853.5,960.3000000000001
d5969628-6059-4c04-b633-d9f23ca9ce1a,openseeface,1765222221222,597,1057.4924011230469,720.0,0.8261659383773803,1.0,0.9175246953964233,0,calib_08,stream,calibration,853.5,960.3000000000001
d5969628-6059-4c04-b633-d9f23ca9ce1a,openseeface,1765222221263,598,1057.6441650390625,720.0,0.8262845039367677,1.0,0.9174356460571289,0,calib_08,stream,calibration,853.5,960.3000000000001
d5969628-6059-4c04-b633-d9f23ca9ce1a,openseeface,1765222221305,599,1057.0746459960938,720.0,0.8258395671844483,1.0,0.9174215793609619,0,calib_08,stream,calibration,853.5,960.3000000000001
d5969628-6059-4c04-b633-d9f23ca9ce1a,openseeface,1765222221348,600,1057.2288208007812,720.0,0.8259600162506104,1.0,0.9177544116973877,0,calib_08,stream,calibration,853.5,960.3000000000001
d5969628-6059-4c04-b633-d9f23ca9ce1a,openseeface,1765222221389,601,1056.9092407226562,720.0,0.8257103443145752,1.0,0.9156486988067627,0,calib_08,stream,calibration,853.5,960.3000000000001
d5969628-6059-4c04-b633-d9f23ca9ce1a,openseeface,1765222221431,602,1057.138916015625,720.0,0.825889778137207,1.0,0.9149304628372192,0,calib_08,stream,calibration,853.5,960.3000000000001
d5969628-6059-4c04-b633-d9f23ca9ce1a,openseeface,1765222221473,603,1056.9985656738281,720.0,0.8257801294326783,1.0,0.916283130645752,0,calib_08,stream,calibration,853.5,960.3000000000001
d5969628-6059-4c04-b633-d9f23ca9ce1a,openseeface,1765222221514,604,1057.3173522949219,720.0,0.8260291814804077,1.0,0.9138703346252441,0,calib_08,stream,calibration,853.5,960.3000000000001
d5969628-6059-4c04-b633-d9f23ca9ce1a,openseeface,1765222221562,605,1056.9194030761719,720.0,0.8257182836532593,1.0,0.9204680919647217,0,calib_08,stream,calibration,853.5,960.3000000000001
d5969628-6059-4c04-b633-d9f23ca9ce1a,openseeface,1765222221598,606,1057.2326354980469,720.0,0.8259629964828492,1.0,0.9142558574676514,0,calib_08,stream,calibration,853.5,960.3000000000001
d5969628-6059-4c04-b633-d9f23ca9ce1a,openseeface,1765222221641,607,1057.8928833007812,720.0,0.8264788150787354,1.0,0.9171804189682007,0,calib_08,stream,calibration,853.5,960.3000000000001
d5969628-6059-4c04-b633-d9f23ca9ce1a,openseeface,1765222221682,608,1056.7963256835938,720.0,0.8256221294403077,1.0,0.9141143560409546,0,calib_08,stream,calibration,853.5,960.3000000000001
d5969628-6059-4c04-b633-d9f23ca9ce1a,openseeface,1765222221724,609,1056.9214782714844,720.0,0.8257199048995971,1.0,0.9139293432235718,0,calib_08,stream,calibration,853.5,960.3000000000001
d5969628-6059-4c04-b633-d9f23ca9ce1a,openseeface,1765222221766,610,1057.2509155273438,720.0,0.8259772777557373,1.0,0.9160857200622559,0,calib_08,stream,calibration,853.5,960.3000000000001
d5969628-6059-4c04-b633-d9f23ca9ce1a,openseeface,1765222221808,611,1057.1953430175781,720.0,0.825933861732483,1.0,0.9122467041015625,0,calib_08,stream,calibration,853.5,960.3000000000001
d5969628-6059-4c04-b633-d9f23ca9ce1a,openseeface,1765222221850,612,1056.6239013671875,720.0,0.8254874229431153,1.0,0.9238855838775635,0,calib_08,stream,calibration,853.5,960.3000000000001
d5969628-6059-4c04-b633-d9f23ca9ce1a,openseeface,1765222221898,613,1057.7988891601562,720.0,0.8264053821563722,1.0,0.9250215291976929,0,calib_08,stream,calibration,853.5,960.3000000000001
d5969628-6059-4c04-b633-d9f23ca9ce1a,openseeface,1765222221934,614,1057.40771484375,720.0,0.8260997772216796,1.0,0.9161138534545898,0,calib_08,stream,calibration,853.5,960.3000000000001
d5969628-6059-4c04-b633-d9f23ca9ce1a,openseeface,1765222221976,615,1057.47216796875,720.0,0.8261501312255859,1.0,0.9161250591278076,0,calib_08,stream,calibration,853.5,960.3000000000001
d5969628-6059-4c04-b633-d9f23ca9ce1a,openseeface,1765222222019,616,1057.8407592773438,720.0,0.8264380931854247,1.0,0.9193811416625977,0,calib_08,stream,calibration,,
d5969628-6059-4c04-b633-d9f23ca9ce1a,openseeface,1765222222060,617,1058.2035217285156,720.0,0.8267215013504028,1.0,0.9346567392349243,0,calib_08,stream,calibration,,
d5969628-6059-4c04-b633-d9f23ca9ce1a,openseeface,1765222222101,618,1057.8601684570312,720.0,0.8264532566070557,1.0,0.9191982746124268,0,calib_08,stream,calibration,,
d5969628-6059-4c04-b633-d9f23ca9ce1a,openseeface,1765222222144,619,1057.7302551269531,720.0,0.8263517618179321,1.0,0.9165604114532471,0,calib_08,stream,calibration,,
d5969628-6059-4c04-b633-d9f23ca9ce1a,openseeface,1765222222186,620,1057.3711853027344,720.0,0.8260712385177613,1.0,0.9259217977523804,0,calib_08,stream,calibration,,
d5969628-6059-4c04-b633-d9f23ca9ce1a,openseeface,1765222222228,621,1057.4207763671875,720.0,0.8261099815368653,1.0,0.9193394184112549,0,calib_08,stream,calibration,,
d5969628-6059-4c04-b633-d9f23ca9ce1a,openseeface,1765222222269,622,1057.6040649414062,720.0,0.8262531757354736,1.0,0.9163905382156372,0,calib_08,stream,calibration,,
d5969628-6059-4c04-b633-d9f23ca9ce1a,openseeface,1765222222312,623,1057.2358703613281,720.0,0.8259655237197876,1.0,0.915863037109375,0,calib_08_retry,stream,calibration,853.5,960.3000000000001
d5969628-6059-4c04-b633-d9f23ca9ce1a,openseeface,1765222222354,624,1056.931396484375,720.0,0.8257276535034179,1.0,0.9184143543243408,0,calib_08_retry,stream,calibration,853.5,960.3000000000001
d5969628-6059-4c04-b633-d9f23ca9ce1a,openseeface,1765222222398,625,1057.3091125488281,720.0,0.826022744178772,1.0,0.9094301462173462,0,calib_08_retry,stream,calibration,853.5,960.3000000000001
d5969628-6059-4c04-b633-d9f23ca9ce1a,openseeface,1765222222438,626,1057.0648803710938,720.0,0.825831937789917,1.0,0.9069926738739014,0,calib_08_retry,stream,calibration,853.5,960.3000000000001
d5969628-6059-4c04-b633-d9f23ca9ce1a,openseeface,1765222222480,627,1058.6676025390625,720.0,0.8270840644836426,1.0,0.9076042175292969,0,calib_08_retry,stream,calibration,853.5,960.3000000000001
d5969628-6059-4c04-b633-d9f23ca9ce1a,openseeface,1765222222523,628,1057.522705078125,720.0,0.8261896133422852,1.0,0.9146482944488525,0,calib_08_retry,stream,calibration,853.5,960.3000000000001
d5969628-6059-4c04-b633-d9f23ca9ce1a,openseeface,1765222222565,629,1057.6331481933594,720.0,0.826275897026062,1.0,0.9124230146408081,0,calib_08_retry,stream,calibration,853.5,960.3000000000001
d5969628-6059-4c04-b633-d9f23ca9ce1a,openseeface,1765222222607,630,1058.6446228027344,720.0,0.8270661115646363,1.0,0.9172775745391846,0,calib_08_retry,stream,calibration,853.5,960.3000000000001
d5969628-6059-4c04-b633-d9f23ca9ce1a,openseeface,1765222222648,631,1058.7613830566406,720.0,0.8271573305130004,1.0,0.9182472229003906,0,calib_08_retry,stream,calibration,853.5,960.3000000000001
d5969628-6059-4c04-b633-d9f23ca9ce1a,openseeface,1765222222690,632,1058.4926452636719,720.0,0.8269473791122437,1.0,0.9219820499420166,0,calib_08_retry,stream,calibration,853.5,960.3000000000001
d5969628-6059-4c04-b633-d9f23ca9ce1a,openseeface,1765222222733,633,1057.8646545410156,720.0,0.8264567613601685,1.0,0.9160772562026978,0,calib_08_retry,stream,calibration,853.5,960.3000000000001
d5969628-6059-4c04-b633-d9f23ca9ce1a,openseeface,1765222222775,634,1058.4111633300781,720.0,0.8268837213516236,1.0,0.9080504179000854,0,calib_08_retry,stream,calibration,853.5,960.3000000000001
d5969628-6059-4c04-b633-d9f23ca9ce1a,openseeface,1765222222817,635,1058.0099487304688,720.0,0.8265702724456787,1.0,0.9092693328857422,0,calib_08_retry,stream,calibration,853.5,960.3000000000001
d5969628-6059-4c04-b633-d9f23ca9ce1a,openseeface,1765222222858,636,1057.6317443847656,720.0,0.8262748003005982,1.0,0.9057183265686035,0,calib_08_retry,stream,calibration,853.5,960.3000000000001
d5969628-6059-4c04-b633-d9f23ca9ce1a,openseeface,1765222222900,637,1057.5136413574219,720.0,0.8261825323104859,1.0,0.9098310470581055,0,calib_08_retry,stream,calibration,853.5,960.3000000000001
d5969628-6059-4c04-b633-d9f23ca9ce1a,openseeface,1765222222942,638,1056.6375122070312,720.0,0.8254980564117431,1.0,0.9101980924606323,0,calib_08_retry,stream,calibration,853.5,960.3000000000001
d5969628-6059-4c04-b633-d9f23ca9ce1a,openseeface,1765222222984,639,1056.2324523925781,720.0,0.8251816034317017,1.0,0.9129990339279175,0,calib_08_retry,stream,calibration,853.5,960.3000000000001
d5969628-6059-4c04-b633-d9f23ca9ce1a,openseeface,1765222223025,640,1055.8148193359375,720.0,0.8248553276062012,1.0,0.9119424819946289,0,calib_08_retry,stream,calibration,853.5,960.3000000000001
d5969628-6059-4c04-b633-d9f23ca9ce1a,openseeface,1765222223068,641,1055.4591979980469,720.0,0.8245774984359742,1.0,0.9158768653869629,0,calib_08_retry,stream,calibration,853.5,960.3000000000001
d5969628-6059-4c04-b633-d9f23ca9ce1a,openseeface,1765222223109,642,1055.4240417480469,720.0,0.8245500326156616,1.0,0.9150831699371338,0,calib_08_retry,stream,calibration,853.5,960.3000000000001
d5969628-6059-4c04-b633-d9f23ca9ce1a,openseeface,1765222223152,643,1054.68896484375,720.0,0.8239757537841796,1.0,0.9101744890213013,0,calib_08_retry,stream,calibration,853.5,960.3000000000001
d5969628-6059-4c04-b633-d9f23ca9ce1a,openseeface,1765222223194,644,1054.0254821777344,720.0,0.823457407951355,1.0,0.9108462333679199,0,calib_08_retry,stream,calibration,853.5,960.3000000000001
d5969628-6059-4c04-b633-d9f23ca9ce1a,openseeface,1765222223238,645,1054.3960876464844,720.0,0.8237469434738158,1.0,0.9111254215240479,0,calib_08_retry,stream,calibration,853.5,960.3000000000001
d5969628-6059-4c04-b633-d9f23ca9ce1a,openseeface,1765222223278,646,1053.4609985351562,720.0,0.8230164051055908,1.0,0.9143277406692505,0,calib_08_retry,stream,calibration,853.5,960.3000000000001
d5969628-6059-4c04-b633-d9f23ca9ce1a,openseeface,1765222223321,647,1052.9773254394531,720.0,0.8226385354995727,1.0,0.9148328304290771,0,calib_08_retry,stream,calibration,853.5,960.3000000000001
d5969628-6059-4c04-b633-d9f23ca9ce1a,openseeface,1765222223362,648,1052.225341796875,720.0,0.8220510482788086,1.0,0.9152803421020508,0,calib_08_retry,stream,calibration,853.5,960.3000000000001
d5969628-6059-4c04-b633-d9f23ca9ce1a,openseeface,1765222223404,649,1051.2279052734375,720.0,0.821271800994873,1.0,0.9179272651672363,0,calib_08_retry,stream,calibration,853.5,960.3000000000001
d5969628-6059-4c04-b633-d9f23ca9ce1a,openseeface,1765222223450,650,1050.7332153320312,720.0,0.8208853244781493,1.0,0.9184621572494507,0,calib_08_retry,stream,calibration,853.5,960.3000000000001
d5969628-6059-4c04-b633-d9f23ca9ce1a,openseeface,1765222223488,651,1051.074462890625,720.0,0.8211519241333007,1.0,0.9139177799224854,0,calib_08_retry,stream,calibration,853.5,960.3000000000001
d5969628-6059-4c04-b633-d9f23ca9ce1a,openseeface,1765222223530,652,1050.8795166015625,720.0,0.8209996223449707,1.0,0.9207372665405273,0,calib_08_retry,stream,calibration,853.5,960.3000000000001
d5969628-6059-4c04-b633-d9f23ca9ce1a,openseeface,1765222223572,653,1051.1780395507812,720.0,0.8212328433990479,1.0,0.919662594795227,0,calib_08_retry,stream,calibration,853.5,960.3000000000001
d5969628-6059-4c04-b633-d9f23ca9ce1a,openseeface,1765222223614,654,1051.5886840820312,720.0,0.8215536594390869,1.0,0.9173252582550049,0,calib_08_retry,stream,calibration,853.5,960.3000000000001
d5969628-6059-4c04-b633-d9f23ca9ce1a,openseeface,1765222223656,655,1051.0842590332031,720.0,0.82115957736969,1.0,0.9192749261856079,0,calib_08_retry,stream,calibration,853.5,960.3000000000001
d5969628-6059-4c04-b633-d9f23ca9ce1a,openseeface,1765222223697,656,1051.0410461425781,720.0,0.8211258172988891,1.0,0.9138284921646118,0,calib_08_retry,stream,calibration,853.5,960.3000000000001
d5969628-6059-4c04-b633-d9f23ca9ce1a,openseeface,1765222223740,657,1050.8218078613281,720.0,0.8209545373916627,1.0,0.9149179458618164,0,calib_08_retry,stream,calibration,853.5,960.3000000000001
d5969628-6059-4c04-b633-d9f23ca9ce1a,openseeface,1765222223782,658,1050.7227783203125,720.0,0.8208771705627442,1.0,0.9144688844680786,0,calib_08_retry,stream,calibration,853.5,960.3000000000001
d5969628-6059-4c04-b633-d9f23ca9ce1a,openseeface,1765222223825,659,1050.4282531738281,720.0,0.8206470727920532,1.0,0.9111109972000122,0,calib_08_retry,stream,calibration,,
d5969628-6059-4c04-b633-d9f23ca9ce1a,openseeface,1765222223865,660,1050.4193420410156,720.0,0.8206401109695434,1.0,0.9145747423171997,0,calib_08_retry,stream,calibration,,
d5969628-6059-4c04-b633-d9f23ca9ce1a,openseeface,1765222223908,661,1050.3710632324219,720.0,0.8206023931503297,1.0,0.9153943061828613,0,calib_08_retry,stream,calibration,,
d5969628-6059-4c04-b633-d9f23ca9ce1a,openseeface,1765222223951,662,1049.5461730957031,720.0,0.8199579477310182,1.0,0.9131166934967041,0,calib_08_retry,stream,calibration,,
d5969628-6059-4c04-b633-d9f23ca9ce1a,openseeface,1765222223992,663,1050.2951354980469,720.0,0.820543074607849,1.0,0.9173498153686523,0,calib_08_retry,stream,calibration,,
d5969628-6059-4c04-b633-d9f23ca9ce1a,openseeface,1765222224034,664,1049.9021911621094,720.0,0.820236086845398,1.0,0.9158835411071777,0,calib_08_retry,stream,calibration,,
d5969628-6059-4c04-b633-d9f23ca9ce1a,openseeface,1765222224076,665,1049.55126953125,720.0,0.819961929321289,1.0,0.9152063131332397,0,calib_08_retry,stream,calibration,,
d5969628-6059-4c04-b633-d9f23ca9ce1a,openseeface,1765222224128,666,1049.6514282226562,720.0,0.8200401782989502,1.0,0.913284420967102,0,calib_09,stream,calibration,170.70000000000002,533.5
d5969628-6059-4c04-b633-d9f23ca9ce1a,openseeface,1765222224166,667,1049.431640625,720.0,0.8198684692382812,1.0,0.9187191724777222,0,calib_09,stream,calibration,170.70000000000002,533.5
d5969628-6059-4c04-b633-d9f23ca9ce1a,openseeface,1765222224208,668,1049.9990539550781,720.0,0.8203117609024049,1.0,0.9178825616836548,0,calib_09,stream,calibration,170.70000000000002,533.5
d5969628-6059-4c04-b633-d9f23ca9ce1a,openseeface,1765222224250,669,1053.8818664550781,720.0,0.8233452081680297,1.0,0.9155664443969727,0,calib_09,stream,calibration,170.70000000000002,533.5
d5969628-6059-4c04-b633-d9f23ca9ce1a,openseeface,1765222224292,670,1054.5550537109375,720.0,0.8238711357116699,1.0,0.9086166620254517,0,calib_09,stream,calibration,170.70000000000002,533.5
d5969628-6059-4c04-b633-d9f23ca9ce1a,openseeface,1765222224334,671,1055.0536804199219,720.0,0.824260687828064,1.0,0.9082106351852417,0,calib_09,stream,calibration,170.70000000000002,533.5
d5969628-6059-4c04-b633-d9f23ca9ce1a,openseeface,1765222224376,672,1055.9017639160156,720.0,0.8249232530593873,1.0,0.9132007360458374,0,calib_09,stream,calibration,170.70000000000002,533.5
d5969628-6059-4c04-b633-d9f23ca9ce1a,openseeface,1765222224418,673,1056.0712280273438,720.0,0.8250556468963623,1.0,0.9123179912567139,0,calib_09,stream,calibration,170.70000000000002,533.5
d5969628-6059-4c04-b633-d9f23ca9ce1a,openseeface,1765222224460,674,1056.8651733398438,720.0,0.8256759166717529,1.0,0.9208905696868896,0,calib_09,stream,calibration,170.70000000000002,533.5
d5969628-6059-4c04-b633-d9f23ca9ce1a,openseeface,1765222224502,675,1057.2806091308594,720.0,0.8260004758834838,1.0,0.9255419969558716,0,calib_09,stream,calibration,170.70000000000002,533.5
d5969628-6059-4c04-b633-d9f23ca9ce1a,openseeface,1765222224545,676,1058.5295715332031,720.0,0.826976227760315,1.0,0.9290794134140015,0,calib_09,stream,calibration,170.70000000000002,533.5
d5969628-6059-4c04-b633-d9f23ca9ce1a,openseeface,1765222224586,677,1059.0399169921875,720.0,0.8273749351501465,1.0,0.9291335344314575,0,calib_09,stream,calibration,170.70000000000002,533.5
d5969628-6059-4c04-b633-d9f23ca9ce1a,openseeface,1765222224628,678,1059.8930358886719,720.0,0.8280414342880249,1.0,0.9326367378234863,0,calib_09,stream,calibration,170.70000000000002,533.5
d5969628-6059-4c04-b633-d9f23ca9ce1a,openseeface,1765222224670,679,1061.2887573242188,720.0,0.8291318416595459,1.0,0.9316238164901733,0,calib_09,stream,calibration,170.70000000000002,533.5
d5969628-6059-4c04-b633-d9f23ca9ce1a,openseeface,1765222224712,680,1061.2077331542969,720.0,0.8290685415267944,1.0,0.9349913597106934,0,calib_09,stream,calibration,170.70000000000002,533.5
d5969628-6059-4c04-b633-d9f23ca9ce1a,openseeface,1765222224754,681,1062.1487121582031,720.0,0.8298036813735963,1.0,0.932646632194519,0,calib_09,stream,calibration,170.70000000000002,533.5
d5969628-6059-4c04-b633-d9f23ca9ce1a,openseeface,1765222224795,682,1062.5655822753906,720.0,0.830129361152649,1.0,0.9347056150436401,0,calib_09,stream,calibration,170.70000000000002,533.5
d5969628-6059-4c04-b633-d9f23ca9ce1a,openseeface,1765222224838,683,1062.7625427246094,720.0,0.830283236503601,1.0,0.935208797454834,0,calib_09,stream,calibration,170.70000000000002,533.5
d5969628-6059-4c04-b633-d9f23ca9ce1a,openseeface,1765222224880,684,1062.4795532226562,720.0,0.8300621509552002,1.0,0.9353076219558716,0,calib_09,stream,calibration,170.70000000000002,533.5
d5969628-6059-4c04-b633-d9f23ca9ce1a,openseeface,1765222224922,685,1062.5474853515625,720.0,0.8301152229309081,1.0,0.9368683099746704,0,calib_09,stream,calibration,170.70000000000002,533.5
d5969628-6059-4c04-b633-d9f23ca9ce1a,openseeface,1765222224962,686,1062.5998229980469,720.0,0.830156111717224,1.0,0.9320842027664185,0,calib_09,stream,calibration,170.70000000000002,533.5
d5969628-6059-4c04-b633-d9f23ca9ce1a,openseeface,1765222225006,687,1063.0543518066406,720.0,0.830511212348938,1.0,0.9331542253494263,0,calib_09,stream,calibration,170.70000000000002,533.5
d5969628-6059-4c04-b633-d9f23ca9ce1a,openseeface,1765222225048,688,1063.1650695800781,720.0,0.830597710609436,1.0,0.9341604709625244,0,calib_09,stream,calibration,170.70000000000002,533.5
d5969628-6059-4c04-b633-d9f23ca9ce1a,openseeface,1765222225090,689,1063.5659484863281,720.0,0.8309108972549439,1.0,0.9325981140136719,0,calib_09,stream,calibration,170.70000000000002,533.5
d5969628-6059-4c04-b633-d9f23ca9ce1a,openseeface,1765222225132,690,1062.6283569335938,720.0,0.83017840385437,1.0,0.9353319406509399,0,calib_09,stream,calibration,170.70000000000002,533.5
d5969628-6059-4c04-b633-d9f23ca9ce1a,openseeface,1765222225174,691,1063.4071655273438,720.0,0.8307868480682372,1.0,0.9357807636260986,0,calib_09,stream,calibration,170.70000000000002,533.5
d5969628-6059-4c04-b633-d9f23ca9ce1a,openseeface,1765222225217,692,1062.8157348632812,720.0,0.8303247928619384,1.0,0.9366014003753662,0,calib_09,stream,calibration,170.70000000000002,533.5
d5969628-6059-4c04-b633-d9f23ca9ce1a,openseeface,1765222225257,693,1062.7496337890625,720.0,0.8302731513977051,1.0,0.9364920854568481,0,calib_09,stream,calibration,170.70000000000002,533.5
d5969628-6059-4c04-b633-d9f23ca9ce1a,openseeface,1765222225300,694,1061.7398376464844,720.0,0.8294842481613158,1.0,0.9374464750289917,0,calib_09,stream,calibration,170.70000000000002,533.5
d5969628-6059-4c04-b633-d9f23ca9ce1a,openseeface,1765222225342,695,1061.7438354492188,720.0,0.8294873714447022,1.0,0.9343481063842773,0,calib_09,stream,calibration,170.70000000000002,533.5
d5969628-6059-4c04-b633-d9f23ca9ce1a,openseeface,1765222225384,696,1061.7302551269531,720.0,0.8294767618179322,1.0,0.9318699836730957,0,calib_09,stream,calibration,170.70000000000002,533.5
d5969628-6059-4c04-b633-d9f23ca9ce1a,openseeface,1765222225426,697,1061.6912231445312,720.0,0.829446268081665,1.0,0.9338184595108032,0,calib_09,stream,calibration,170.70000000000002,533.5
d5969628-6059-4c04-b633-d9f23ca9ce1a,openseeface,1765222225467,698,1061.3482971191406,720.0,0.8291783571243285,1.0,0.9333797693252563,0,calib_09,stream,calibration,170.70000000000002,533.5
d5969628-6059-4c04-b633-d9f23ca9ce1a,openseeface,1765222225509,699,1060.9521789550781,720.0,0.8288688898086547,1.0,0.933781623840332,0,calib_09,stream,calibration,170.70000000000002,533.5
d5969628-6059-4c04-b633-d9f23ca9ce1a,openseeface,1765222225552,700,1061.4656982421875,720.0,0.8292700767517089,1.0,0.9329781532287598,0,calib_09,stream,calibration,170.70000000000002,533.5
d5969628-6059-4c04-b633-d9f23ca9ce1a,openseeface,1765222225593,701,1060.7850341796875,720.0,0.828738307952881,1.0,0.934149980545044,0,calib_09,stream,calibration,170.70000000000002,533.5
d5969628-6059-4c04-b633-d9f23ca9ce1a,openseeface,1765222225636,702,1060.9579467773438,720.0,0.8288733959197998,1.0,0.9341850280761719,0,calib_09,stream,calibration,,
d5969628-6059-4c04-b633-d9f23ca9ce1a,openseeface,1765222225677,703,1060.6097106933594,720.0,0.8286013364791871,1.0,0.931828498840332,0,calib_09,stream,calibration,,
d5969628-6059-4c04-b633-d9f23ca9ce1a,openseeface,1765222225719,704,1059.858154296875,720.0,0.8280141830444336,1.0,0.9324178695678711,0,calib_09,stream,calibration,,
d5969628-6059-4c04-b633-d9f23ca9ce1a,openseeface,1765222225761,705,1059.6137390136719,720.0,0.8278232336044311,1.0,0.933833122253418,0,calib_09,stream,calibration,,
d5969628-6059-4c04-b633-d9f23ca9ce1a,openseeface,1765222225802,706,1059.6233520507812,720.0,0.8278307437896728,1.0,0.9345830678939819,0,calib_09,stream,calibration,,
d5969628-6059-4c04-b633-d9f23ca9ce1a,openseeface,1765222225846,707,1059.5208740234375,720.0,0.8277506828308105,1.0,0.9356399774551392,0,calib_09,stream,calibration,,
d5969628-6059-4c04-b633-d9f23ca9ce1a,openseeface,1765222225888,708,1058.9374694824219,720.0,0.827294898033142,1.0,0.9355036020278931,0,calib_09,stream,calibration,,
d5969628-6059-4c04-b633-d9f23ca9ce1a,openseeface,1765222225930,709,1059.0834045410156,720.0,0.8274089097976685,1.0,0.9358346462249756,0,calib_09_retry,stream,calibration,170.70000000000002,533.5
d5969628-6059-4c04-b633-d9f23ca9ce1a,openseeface,1765222225971,710,1058.8678283691406,720.0,0.827240490913391,1.0,0.9321414232254028,0,calib_09_retry,stream,calibration,170.70000000000002,533.5
d5969628-6059-4c04-b633-d9f23ca9ce1a,openseeface,1765222226014,711,1058.7139282226562,720.0,0.8271202564239502,1.0,0.9349837303161621,0,calib_09_retry,stream,calibration,170.70000000000002,533.5
d5969628-6059-4c04-b633-d9f23ca9ce1a,openseeface,1765222226055,712,1058.7243347167969,720.0,0.8271283864974976,1.0,0.9313323497772217,0,calib_09_retry,stream,calibration,170.70000000000002,533.5
d5969628-6059-4c04-b633-d9f23ca9ce1a,openseeface,1765222226097,713,1059.2821044921875,720.0,0.8275641441345214,1.0,0.9305346012115479,0,calib_09_retry,stream,calibration,170.70000000000002,533.5
d5969628-6059-4c04-b633-d9f23ca9ce1a,openseeface,1765222226138,714,1058.0752868652344,720.0,0.8266213178634643,1.0,0.9281598329544067,0,calib_09_retry,stream,calibration,170.70000000000002,533.5
d5969628-6059-4c04-b633-d9f23ca9ce1a,openseeface,1765222226181,715,1057.30078125,720.0,0.8260162353515625,1.0,0.929093599319458,0,calib_09_retry,stream,calibration,170.70000000000002,533.5
d5969628-6059-4c04-b633-d9f23ca9ce1a,openseeface,1765222226222,716,1058.072509765625,720.0,0.8266191482543945,1.0,0.9320908784866333,0,calib_09_retry,stream,calibration,170.70000000000002,533.5
d5969628-6059-4c04-b633-d9f23ca9ce1a,openseeface,1765222226264,717,1058.5463562011719,720.0,0.8269893407821656,1.0,0.9300719499588013,0,calib_09_retry,stream,calibration,170.70000000000002,533.5
d5969628-6059-4c04-b633-d9f23ca9ce1a,openseeface,1765222226306,718,1057.2310791015625,720.0,0.8259617805480957,1.0,0.929328441619873,0,calib_09_retry,stream,calibration,170.70000000000002,533.5
d5969628-6059-4c04-b633-d9f23ca9ce1a,openseeface,1765222226348,719,1057.7715759277344,720.0,0.8263840436935426,1.0,0.9291744232177734,0,calib_09_retry,stream,calibration,170.70000000000002,533.5
d5969628-6059-4c04-b633-d9f23ca9ce1a,openseeface,1765222226390,720,1057.3995361328125,720.0,0.8260933876037597,1.0,0.9285749197006226,0,calib_09_retry,stream,calibration,170.70000000000002,533.5
d5969628-6059-4c04-b633-d9f23ca9ce1a,openseeface,1765222226433,721,1057.5657348632812,720.0,0.8262232303619386,1.0,0.9301135540008545,0,calib_09_retry,stream,calibration,170.70000000000002,533.5
d5969628-6059-4c04-b633-d9f23ca9ce1a,openseeface,1765222226475,722,1057.5522766113281,720.0,0.8262127161026,1.0,0.9303126335144043,0,calib_09_retry,stream,calibration,170.70000000000002,533.5
d5969628-6059-4c04-b633-d9f23ca9ce1a,openseeface,1765222226517,723,1058.5539855957031,720.0,0.8269953012466431,1.0,0.9308191537857056,0,calib_09_retry,stream,calibration,170.70000000000002,533.5
d5969628-6059-4c04-b633-d9f23ca9ce1a,openseeface,1765222226558,724,1057.8010559082031,720.0,0.8264070749282837,1.0,0.9315183162689209,0,calib_09_retry,stream,calibration,170.70000000000002,533.5
d5969628-6059-4c04-b633-d9f23ca9ce1a,openseeface,1765222226600,725,1057.7790832519531,720.0,0.8263899087905884,1.0,0.9315801858901978,0,calib_09_retry,stream,calibration,170.70000000000002,533.5
d5969628-6059-4c04-b633-d9f23ca9ce1a,openseeface,1765222226642,726,1058.1370239257812,720.0,0.8266695499420167,1.0,0.9314941167831421,0,calib_09_retry,stream,calibration,170.70000000000002,533.5
d5969628-6059-4c04-b633-d9f23ca9ce1a,openseeface,1765222226684,727,1057.3502807617188,720.0,0.8260549068450929,1.0,0.9313461780548096,0,calib_09_retry,stream,calibration,170.70000000000002,533.5
d5969628-6059-4c04-b633-d9f23ca9ce1a,openseeface,1765222226726,728,1057.2349243164062,720.0,0.8259647846221925,1.0,0.9311306476593018,0,calib_09_retry,stream,calibration,170.70000000000002,533.5
d5969628-6059-4c04-b633-d9f23ca9ce1a,openseeface,1765222226767,729,1057.1316528320312,720.0,0.8258841037750244,1.0,0.9289673566818237,0,calib_09_retry,stream,calibration,170.70000000000002,533.5
d5969628-6059-4c04-b633-d9f23ca9ce1a,openseeface,1765222226810,730,1057.0797424316406,720.0,0.8258435487747193,1.0,0.9314626455307007,0,calib_09_retry,stream,calibration,170.70000000000002,533.5
d5969628-6059-4c04-b633-d9f23ca9ce1a,openseeface,1765222226852,731,1058.396240234375,720.0,0.8268720626831054,1.0,0.9286481142044067,0,calib_09_retry,stream,calibration,170.70000000000002,533.5
d5969628-6059-4c04-b633-d9f23ca9ce1a,openseeface,1765222226894,732,1056.3327026367188,720.0,0.8252599239349365,1.0,0.9290857315063477,0,calib_09_retry,stream,calibration,170.70000000000002,533.5
d5969628-6059-4c04-b633-d9f23ca9ce1a,openseeface,1765222226936,733,1057.7410888671875,720.0,0.8263602256774902,1.0,0.9289813041687012,0,calib_09_retry,stream,calibration,170.70000000000002,533.5
d5969628-6059-4c04-b633-d9f23ca9ce1a,openseeface,1765222226977,734,1057.2093200683594,720.0,0.8259447813034058,1.0,0.9286389350891113,0,calib_09_retry,stream,calibration,170.70000000000002,533.5
d5969628-6059-4c04-b633-d9f23ca9ce1a,openseeface,1765222227019,735,1057.070068359375,720.0,0.8258359909057618,1.0,0.9309577941894531,0,calib_09_retry,stream,calibration,170.70000000000002,533.5
d5969628-6059-4c04-b633-d9f23ca9ce1a,openseeface,1765222227062,736,1056.7548828125,720.0,0.8255897521972657,1.0,0.9291740655899048,0,calib_09_retry,stream,calibration,170.70000000000002,533.5
d5969628-6059-4c04-b633-d9f23ca9ce1a,openseeface,1765222227103,737,1056.1279907226562,720.0,0.8250999927520752,1.0,0.9309338331222534,0,calib_09_retry,stream,calibration,170.70000000000002,533.5
d5969628-6059-4c04-b633-d9f23ca9ce1a,openseeface,1765222227146,738,1056.7890930175781,720.0,0.8256164789199829,1.0,0.9284261465072632,0,calib_09_retry,stream,calibration,170.70000000000002,533.5
d5969628-6059-4c04-b633-d9f23ca9ce1a,openseeface,1765222227188,739,1056.5723571777344,720.0,0.8254471540451049,1.0,0.927696943283081,0,calib_09_retry,stream,calibration,170.70000000000002,533.5
d5969628-6059-4c04-b633-d9f23ca9ce1a,openseeface,1765222227230,740,1056.6231689453125,720.0,0.8254868507385253,1.0,0.9281123876571655,0,calib_09_retry,stream,calibration,170.70000000000002,533.5
d5969628-6059-4c04-b633-d9f23ca9ce1a,openseeface,1765222227272,741,1056.2903137207031,720.0,0.8252268075942992,1.0,0.9235353469848633,0,calib_09_retry,stream,calibration,170.70000000000002,533.5
d5969628-6059-4c04-b633-d9f23ca9ce1a,openseeface,1765222227314,742,1056.1246032714844,720.0,0.8250973463058471,1.0,0.9290913343429565,0,calib_09_retry,stream,calibration,170.70000000000002,533.5
d5969628-6059-4c04-b633-d9f23ca9ce1a,openseeface,1765222227354,743,1055.209716796875,720.0,0.8243825912475586,1.0,0.9282487630844116,0,calib_09_retry,stream,calibration,170.70000000000002,533.5
d5969628-6059-4c04-b633-d9f23ca9ce1a,openseeface,1765222227397,744,1055.7112426757812,720.0,0.824774408340454,1.0,0.9299620389938354,0,calib_09_retry,stream,calibration,170.70000000000002,533.5
d5969628-6059-4c04-b633-d9f23ca9ce1a,openseeface,1765222227440,745,1055.50244140625,720.0,0.8246112823486329,1.0,0.9288676977157593,0,calib_09_retry,stream,calibration,,
d5969628-6059-4c04-b633-d9f23ca9ce1a,openseeface,1765222227481,746,1055.6480407714844,720.0,0.8247250318527222,1.0,0.9310265779495239,0,calib_09_retry,stream,calibration,,
d5969628-6059-4c04-b633-d9f23ca9ce1a,openseeface,1765222227524,747,1055.6822814941406,720.0,0.8247517824172974,1.0,0.9289416074752808,0,calib_09_retry,stream,calibration,,
d5969628-6059-4c04-b633-d9f23ca9ce1a,openseeface,1765222227565,748,1055.7884521484375,720.0,0.8248347282409667,1.0,0.9289743900299072,0,calib_09_retry,stream,calibration,,
d5969628-6059-4c04-b633-d9f23ca9ce1a,openseeface,1765222227607,749,1056.5722351074219,720.0,0.8254470586776734,1.0,0.9314396381378174,0,calib_09_retry,stream,calibration,,
d5969628-6059-4c04-b633-d9f23ca9ce1a,openseeface,1765222227649,750,1056.5429382324219,720.0,0.8254241704940797,1.0,0.926552414894104,0,calib_09_retry,stream,calibration,,
d5969628-6059-4c04-b633-d9f23ca9ce1a,openseeface,1765222227690,751,1055.27978515625,720.0,0.8244373321533203,1.0,0.9293878078460693,0,calib_09_retry,stream,calibration,,
d5969628-6059-4c04-b633-d9f23ca9ce1a,openseeface,1765222227733,752,633.6987897940853,980.9203744483239,0.8243214368820191,1.0,0.9295470714569092,0,calib_09_retry,stream,calibration,,
